season_id,season,player_id,player_name,total_pitches,pitch_percent,ba,iso,babip,slg,woba,xwoba,xwobacon,xba,hits,abs,launch_speed,launch_angle,spin_rate,velocity,effective_speed,whiffs,swings,takes,eff_min_vel,release_extension,pos3_int_start_distance,pos4_int_start_distance,pos5_int_start_distance,pos6_int_start_distance,pos7_int_start_distance,pos8_int_start_distance,pos9_int_start_distance
2021547180,2021,547180,"Harper, Bryce",2401,100,0.309,0.305,0.359,0.615,0.431,0.43,0.523,0.301,151,488,91.1,12.9,2212,89,88.87,364,1140,1261,-0.1,6.27,116,159,132,149,297,328,301
2021660670,2021,660670,"Acuña Jr., Ronald",1449,100,0.283,0.313,0.311,0.596,0.412,0.429,0.528,0.295,84,297,93.8,18.2,2228,89.9,90.14,171,620,829,0.2,6.41,108,152,118,146,312,329,297
2021665742,2021,665742,"Soto, Juan",2601,100,0.313,0.221,0.332,0.534,0.42,0.429,0.447,0.305,157,502,93,5.8,2211,89.4,89.4,182,911,1690,0,6.32,114,154,128,151,301,326,307
2021592450,2021,592450,"Judge, Aaron",2654,100,0.287,0.256,0.332,0.544,0.387,0.418,0.532,0.308,158,550,95.8,11.6,2234,88.8,88.9,328,1128,1526,0.1,6.38,107,153,122,146,308,332,294
2021665489,2021,665489,"Guerrero Jr., Vladimir",2509,100,0.311,0.29,0.313,0.601,0.419,0.418,0.464,0.307,188,604,95.1,9.4,2220,89.4,89.44,330,1187,1322,0,6.31,108,153,122,148,307,329,295
2021518692,2021,518692,"Freeman, Freddie",2688,100,0.3,0.203,0.321,0.503,0.379,0.416,0.463,0.32,180,600,91.4,12,2199,89.5,89.64,289,1375,1313,0.1,6.35,117,162,135,150,301,327,306
2021518735,2021,518735,"Grandal, Yasmani",1669,100,0.24,0.28,0.246,0.52,0.402,0.412,0.455,0.258,67,279,92.6,13.4,2204,88.9,89.02,133,533,1136,0.1,6.32,112,163,125,150,296,326,301
2021660271,2021,660271,"Ohtani, Shohei",2594,100,0.257,0.335,0.303,0.592,0.393,0.411,0.57,0.269,138,537,92.9,16.3,2198,88.2,88.05,416,1189,1405,-0.1,6.29,117,156,129,151,300,328,308
2021571970,2021,571970,"Muncy, Max",2434,100,0.249,0.278,0.257,0.527,0.379,0.407,0.468,0.271,124,497,91.2,15.2,2242,88.4,87.96,214,915,1519,-0.4,6.25,116,162,135,150,300,325,306
2021665487,2021,665487,"Tatis Jr., Fernando",2141,100,0.282,0.328,0.324,0.611,0.403,0.407,0.547,0.279,135,478,93.7,13.6,2263,89.4,89.16,383,1102,1039,-0.2,6.29,108,152,118,147,305,328,300
2021621439,2021,621439,"Buxton, Byron",925,100,0.306,0.34,0.344,0.647,0.419,0.407,0.521,0.3,72,235,92.1,13.7,2247,88.8,88.37,144,490,435,-0.4,6.33,104,152,117,144,302,327,296
2021458015,2021,458015,"Votto, Joey",2232,100,0.266,0.297,0.287,0.563,0.391,0.406,0.498,0.274,119,448,92.9,18.2,2187,88.5,88.64,288,980,1252,0.1,6.3,114,162,135,150,295,325,303
2021656941,2021,656941,"Schwarber, Kyle",1986,100,0.266,0.288,0.306,0.554,0.392,0.399,0.51,0.265,106,399,92.3,15.4,2228,88.6,88.72,235,823,1163,0.1,6.32,117,165,127,150,296,324,306
2021502671,2021,502671,"Goldschmidt, Paul",2751,100,0.294,0.221,0.331,0.514,0.373,0.397,0.468,0.293,177,603,92.6,17.1,2281,88.9,88.89,302,1215,1536,0,6.29,107,152,121,147,308,326,299
2021663656,2021,663656,"Tucker, Kyle",2180,100,0.294,0.263,0.304,0.557,0.383,0.396,0.447,0.303,149,506,91.2,17.4,2181,88.1,87.97,233,1145,1035,-0.1,6.29,117,161,126,153,293,328,302
2021646240,2021,646240,"Devers, Rafael",2502,100,0.279,0.259,0.307,0.538,0.373,0.394,0.477,0.291,165,591,92.7,12.9,2220,89.5,89.52,371,1341,1161,0,6.31,115,156,124,150,289,325,306
2021641933,2021,641933,"O'Neill, Tyler",2070,100,0.286,0.274,0.366,0.56,0.384,0.392,0.55,0.279,138,482,93,17.8,2302,88.7,88.82,357,1030,1040,0.1,6.31,107,152,119,145,308,326,299
2021608369,2021,608369,"Seager, Corey",1397,100,0.306,0.215,0.336,0.521,0.389,0.392,0.428,0.295,108,353,91,10.7,2237,88.3,87.45,209,745,651,-0.9,6.21,116,158,137,150,298,325,307
2021608385,2021,608385,"Winker, Jesse",1895,100,0.305,0.251,0.324,0.556,0.403,0.39,0.42,0.295,129,423,90.6,10.8,2229,88.8,88.9,172,855,1040,0.1,6.28,114,157,126,149,295,324,304
2021670541,2021,670541,"Alvarez, Yordan",2397,100,0.277,0.253,0.32,0.531,0.369,0.389,0.49,0.279,149,537,93,14,2185,88.1,88,234,1032,1365,-0.1,6.31,116,164,133,154,294,331,304
2021518626,2021,518626,"Donaldson, Josh",2125,100,0.247,0.228,0.268,0.475,0.353,0.388,0.447,0.269,113,457,94.1,14.6,2258,89.1,88.81,265,960,1165,-0.3,6.3,106,153,122,146,303,325,295
2021641598,2021,641598,"Garver, Mitch",1032,100,0.256,0.261,0.32,0.517,0.372,0.386,0.508,0.256,53,207,92.3,19,2241,88.7,88.19,120,400,632,-0.5,6.31,107,152,121,145,301,324,292
2021668804,2021,668804,"Reynolds, Bryan",2493,100,0.302,0.22,0.345,0.522,0.385,0.386,0.438,0.294,169,559,89.2,13.3,2182,88,87.99,291,1219,1274,0,6.27,113,153,119,149,297,320,295
2021673357,2021,673357,"Robert, Luis",963,100,0.338,0.229,0.394,0.567,0.399,0.382,0.466,0.302,93,275,91.2,13.8,2249,88.6,88.63,167,592,371,0,6.28,106,152,120,146,304,326,296
2021573131,2021,573131,"Ruf, Darin",1377,100,0.271,0.248,0.344,0.519,0.384,0.381,0.487,0.262,71,262,93,9.8,2255,88.9,89.08,131,524,853,0.2,6.33,108,153,122,146,305,325,297
2021621566,2021,621566,"Olson, Matt",2774,100,0.271,0.269,0.269,0.54,0.379,0.378,0.413,0.264,153,565,91.5,16,2227,88.4,88.32,300,1305,1469,-0.1,6.29,116,168,127,150,300,328,301
2021672386,2021,672386,"Kirk, Alejandro",748,100,0.242,0.194,0.234,0.436,0.33,0.378,0.387,0.288,40,165,92.3,14.7,2242,88.7,88.69,65,336,412,0,6.37,107,153,120,148,304,325,288
2021656555,2021,656555,"Hoskins, Rhys",1886,100,0.247,0.283,0.27,0.53,0.364,0.378,0.463,0.249,96,389,91.2,21.7,2234,89.2,89.29,221,837,1049,0.1,6.34,107,153,120,147,301,327,295
2021624413,2021,624413,"Alonso, Pete",2298,100,0.262,0.257,0.274,0.519,0.363,0.377,0.438,0.271,147,561,91,14.7,2211,89.3,89.36,282,1133,1165,0.1,6.34,105,152,121,146,306,329,299
2021608070,2021,608070,"Ramírez, José",2675,100,0.266,0.272,0.256,0.538,0.372,0.377,0.401,0.284,147,552,89.9,18.2,2161,88.4,88.48,171,1149,1526,0.1,6.25,111,161,123,148,296,323,297
2021592518,2021,592518,"Machado, Manny",2238,100,0.278,0.211,0.29,0.489,0.35,0.376,0.421,0.291,157,564,93,13.9,2256,89.6,89.51,247,1075,1163,-0.1,6.27,108,152,121,147,304,328,297
2021488771,2021,488771,"Castro, Jason",772,100,0.235,0.208,0.31,0.443,0.347,0.376,0.501,0.257,35,149,89.3,12.9,2197,89.1,89,107,309,462,-0.1,6.22,114,161,121,150,287,324,301
2021502110,2021,502110,"Martinez, J.D.",2410,100,0.286,0.232,0.34,0.518,0.364,0.374,0.467,0.288,163,570,92.1,16.9,2247,88.7,88.73,382,1307,1103,0,6.3,107,152,122,146,297,326,300
2021474832,2021,474832,"Belt, Brandon",1578,100,0.274,0.323,0.309,0.597,0.406,0.374,0.472,0.243,89,325,87.6,22.3,2268,90,90.05,211,750,828,0,6.29,116,164,127,148,297,326,307
2021521692,2021,521692,"Perez, Salvador",2392,100,0.273,0.271,0.298,0.544,0.359,0.374,0.487,0.276,169,620,93,15.9,2239,88.5,88.52,474,1408,984,0,6.26,106,152,122,146,306,329,302
2021592206,2021,592206,"Castellanos, Nick",2143,100,0.309,0.267,0.34,0.576,0.391,0.374,0.45,0.293,164,531,89.8,14,2233,88,88.18,361,1178,965,0.2,6.32,105,151,120,144,303,326,296
2021621043,2021,621043,"Correa, Carlos",2610,100,0.279,0.205,0.308,0.485,0.364,0.373,0.415,0.296,155,555,90.2,12.1,2204,88.8,88.74,230,1098,1512,-0.1,6.31,108,152,120,147,301,327,292
2021606466,2021,606466,"Marte, Ketel",1411,100,0.318,0.215,0.352,0.532,0.385,0.372,0.418,0.307,108,340,90.8,9.9,2209,88.9,88.91,112,648,763,0,6.3,114,152,116,149,299,326,305
2021656582,2021,656582,"Joe, Connor",818,100,0.285,0.184,0.323,0.469,0.366,0.37,0.411,0.283,51,179,88.2,14.6,2274,88.4,88.39,80,341,477,0,6.24,110,153,119,149,306,326,296
2021606192,2021,606192,"Hernández, Teoscar",2290,100,0.296,0.227,0.352,0.524,0.369,0.37,0.472,0.284,163,550,91.8,13.1,2258,88.8,88.77,378,1187,1103,0,6.28,107,153,120,147,303,327,294
2021605137,2021,605137,"Bell, Josh",2182,100,0.261,0.215,0.276,0.476,0.352,0.367,0.406,0.277,130,498,92.5,4.9,2180,89,89.03,246,1019,1163,0,6.33,110,156,125,150,303,326,302
2021666135,2021,666135,"Kirilloff, Alex",835,100,0.251,0.172,0.295,0.423,0.307,0.366,0.456,0.291,54,215,91,7,2234,88.5,88.46,123,457,378,0,6.23,114,160,123,151,295,322,303
2021541645,2021,541645,"García, Avisaíl",1756,100,0.262,0.228,0.291,0.49,0.346,0.366,0.452,0.278,121,461,90.4,9.3,2267,88.5,87.41,344,1020,736,-1.1,6.24,106,152,119,146,305,324,294
2021663586,2021,663586,"Riley, Austin",2595,100,0.303,0.227,0.368,0.531,0.379,0.366,0.461,0.281,179,590,90.1,14.2,2249,89.2,89.37,368,1302,1293,0.2,6.39,106,152,119,146,309,327,296
2021669257,2021,669257,"Smith, Will",2080,100,0.258,0.237,0.274,0.495,0.364,0.364,0.403,0.25,107,414,90.1,19.3,2269,88.3,87.58,185,871,1209,-0.7,6.27,107,152,120,146,304,324,296
2021543068,2021,543068,"Cron, C.J.",2191,100,0.281,0.249,0.316,0.53,0.383,0.364,0.418,0.261,132,470,88.8,15.8,2251,88.8,89,283,1031,1160,0.2,6.25,107,152,120,147,310,333,302
2021607208,2021,607208,"Turner, Trea",2487,100,0.328,0.208,0.362,0.536,0.386,0.364,0.416,0.304,195,595,89.6,11.4,2259,88.9,88.94,281,1223,1264,0,6.34,106,151,114,146,304,322,293
2021443558,2021,443558,"Cruz, Nelson",2198,100,0.265,0.232,0.286,0.497,0.346,0.363,0.439,0.264,136,513,92.9,11.8,2233,88.8,88.55,344,1122,1076,-0.2,6.32,107,153,123,147,305,329,296
2021519317,2021,519317,"Stanton, Giancarlo",2426,100,0.273,0.243,0.324,0.516,0.37,0.363,0.463,0.262,139,510,95.1,10.3,2232,89.2,89.27,350,1072,1354,0.1,6.37,108,154,123,148,308,332,294
2021643265,2021,643265,"Cooper, Garrett",1001,100,0.284,0.181,0.374,0.465,0.367,0.362,0.451,0.269,61,215,91.1,8.2,2284,89.3,89.33,125,459,542,0,6.37,109,152,119,149,308,323,289
2021457763,2021,457763,"Posey, Buster",1757,100,0.304,0.195,0.349,0.499,0.379,0.361,0.406,0.281,120,395,88.5,8.7,2293,89,89.07,187,783,974,0.1,6.29,108,153,122,148,305,324,293
2021488726,2021,488726,"Brantley, Michael",1868,100,0.311,0.126,0.337,0.437,0.347,0.361,0.378,0.312,146,469,89.4,9.8,2166,88.9,88.93,93,851,1017,0,6.33,115,155,121,152,288,325,301
2021543807,2021,543807,"Springer, George",1328,100,0.264,0.291,0.286,0.555,0.381,0.361,0.43,0.248,79,299,89.4,19,2226,89,89.01,164,608,720,0,6.32,107,154,121,147,303,328,295
2021572228,2021,572228,"Voit, Luke",966,100,0.239,0.197,0.313,0.437,0.332,0.361,0.486,0.254,51,213,90.7,15.9,2237,88,88.09,202,499,467,0.1,6.34,106,153,122,145,305,331,293
2021664040,2021,664040,"Lowe, Brandon",2339,100,0.247,0.277,0.28,0.523,0.363,0.36,0.456,0.249,132,535,89,16.5,2206,88.5,88.41,402,1227,1112,-0.1,6.43,116,160,121,151,292,326,302
2021572041,2021,572041,"Pollock, AJ",1465,100,0.297,0.24,0.326,0.536,0.375,0.359,0.418,0.282,114,384,90.3,11.9,2204,88.5,87.73,187,774,691,-0.8,6.29,107,153,119,146,304,325,296
2021457759,2021,457759,"Turner, Justin",2465,100,0.278,0.193,0.292,0.471,0.358,0.359,0.383,0.27,148,533,90.9,19.2,2269,89.2,88.72,194,1096,1369,-0.5,6.26,107,151,121,146,304,324,297
2021593428,2021,593428,"Bogaerts, Xander",2505,100,0.295,0.198,0.333,0.493,0.368,0.359,0.404,0.28,156,529,89.6,12.5,2228,88.4,88.46,252,1145,1360,0.1,6.31,107,151,120,146,295,324,296
2021624585,2021,624585,"Soler, Jorge",2413,100,0.223,0.209,0.25,0.432,0.323,0.359,0.429,0.25,115,516,91.2,15.7,2271,88.5,88.5,316,1081,1332,0,6.29,107,152,122,146,307,330,303
2021453568,2021,453568,"Blackmon, Charlie",2144,100,0.27,0.14,0.305,0.411,0.333,0.359,0.385,0.291,139,514,87.6,10.2,2216,89.3,89.43,205,1014,1130,0.1,6.24,114,158,124,149,299,331,308
2021605141,2021,605141,"Betts, Mookie",2232,100,0.264,0.223,0.276,0.487,0.365,0.357,0.369,0.263,123,466,90.3,18.9,2282,89.2,88.19,151,901,1331,-1,6.2,109,153,120,145,303,324,300
2021543063,2021,543063,"Crawford, Brandon",2136,100,0.298,0.224,0.334,0.522,0.377,0.356,0.405,0.259,144,483,88.6,14.6,2227,88.6,88.64,323,1104,1032,0,6.28,115,156,120,151,297,325,306
2021600869,2021,600869,"Candelario, Jeimer",2547,100,0.271,0.172,0.333,0.443,0.344,0.356,0.416,0.278,151,557,88.6,12.5,2186,88.4,88.4,284,1212,1335,0,6.28,113,159,119,151,295,325,296
2021666182,2021,666182,"Bichette, Bo",2609,100,0.298,0.186,0.339,0.484,0.354,0.355,0.42,0.291,191,640,91.4,7.3,2252,89.5,89.5,337,1508,1101,0,6.3,108,151,120,148,306,325,288
2021614177,2021,614177,"Reyes, Franmil",1988,100,0.254,0.268,0.314,0.522,0.354,0.354,0.498,0.247,106,418,92,9.7,2246,88.7,88.84,304,903,1085,0.1,6.27,108,154,123,147,302,327,298
2021592669,2021,592669,"Renfroe, Hunter",2191,100,0.259,0.242,0.284,0.501,0.344,0.354,0.433,0.26,135,521,90.1,15.6,2258,88.5,88.35,274,1056,1135,-0.1,6.33,107,152,121,145,293,325,300
2021640461,2021,640461,"Pinder, Chad",906,100,0.243,0.168,0.313,0.411,0.307,0.354,0.457,0.261,52,214,92.6,7.4,2218,88,87.91,125,445,461,-0.1,6.28,109,153,119,147,302,324,290
2021572287,2021,572287,"Zunino, Mike",1502,100,0.216,0.342,0.231,0.559,0.358,0.354,0.516,0.219,72,333,90.7,23.2,2255,89.3,89.24,273,703,799,-0.1,6.44,105,152,123,146,300,329,295
2021608336,2021,608336,"Gallo, Joey",2612,100,0.199,0.259,0.246,0.458,0.348,0.354,0.486,0.202,99,498,89.8,20.7,2198,89,88.89,410,1056,1556,-0.1,6.28,116,175,132,152,305,333,304
2021502054,2021,502054,"Pham, Tommy",2374,100,0.229,0.154,0.28,0.383,0.318,0.354,0.406,0.258,109,475,90.8,7.6,2250,89.1,89.01,214,907,1467,-0.1,6.27,109,152,117,147,304,324,293
2021660162,2021,660162,"Moncada, Yoán",2596,100,0.263,0.148,0.35,0.412,0.347,0.353,0.418,0.261,137,520,90.1,11.3,2195,89.3,89.33,311,1106,1490,0,6.25,113,156,120,149,295,325,300
2021571745,2021,571745,"Haniger, Mitch",2775,100,0.253,0.232,0.281,0.485,0.34,0.353,0.438,0.262,157,620,89.3,14.8,2207,88.2,88.2,385,1293,1481,0,6.28,107,152,121,145,301,323,292
2021663697,2021,663697,"India, Jonathan",2643,100,0.269,0.19,0.326,0.459,0.363,0.352,0.395,0.254,143,532,87.5,12.9,2244,88.3,88.38,259,1030,1613,0.1,6.3,107,151,116,145,299,321,291
2021446334,2021,446334,"Longoria, Evan",1155,100,0.261,0.221,0.305,0.482,0.352,0.351,0.42,0.253,66,253,94.1,15.5,2353,89.2,89.18,123,490,665,0,6.26,109,153,122,146,303,326,298
2021607043,2021,607043,"Nimmo, Brandon",1548,100,0.292,0.145,0.366,0.437,0.369,0.35,0.38,0.273,95,325,88.6,8.4,2198,89.7,89.77,149,658,890,0.1,6.33,116,150,111,150,290,321,301
2021624424,2021,624424,"Conforto, Michael",1982,100,0.232,0.153,0.276,0.384,0.322,0.35,0.393,0.253,94,406,88.5,13.2,2221,88.9,88.84,205,878,1104,-0.1,6.31,113,156,126,149,294,324,302
2021547989,2021,547989,"Abreu, José",2606,100,0.261,0.219,0.293,0.481,0.354,0.349,0.4,0.252,148,566,92,10.4,2248,89.1,89.22,349,1261,1345,0.1,6.29,106,151,120,146,303,327,296
2021630105,2021,630105,"Cronenworth, Jake",2435,100,0.266,0.194,0.283,0.46,0.341,0.348,0.371,0.282,151,567,88.1,12,2206,89.9,89.8,144,1051,1383,-0.1,6.28,115,150,114,151,288,321,305
2021593871,2021,593871,"Polanco, Jorge",2489,100,0.269,0.235,0.282,0.503,0.349,0.348,0.398,0.267,158,588,88.3,18.6,2197,88.7,88.54,243,1233,1256,-0.2,6.27,110,153,113,148,296,322,296
2021516782,2021,516782,"Marte, Starling",1970,100,0.31,0.148,0.372,0.458,0.364,0.347,0.389,0.277,145,467,86.7,4,2234,88.5,88.49,238,975,995,0,6.33,105,151,110,147,305,322,290
2021596146,2021,596146,"Kepler, Max",1876,100,0.211,0.202,0.225,0.413,0.309,0.347,0.388,0.255,90,426,89.8,16.3,2207,88.8,88.87,193,839,1037,0.1,6.28,116,164,126,151,297,325,299
2021664774,2021,664774,"Wade Jr., LaMonte",1565,100,0.253,0.229,0.289,0.482,0.343,0.347,0.418,0.256,85,336,89.1,18.1,2240,88.7,88.65,144,721,844,-0.1,6.28,118,153,120,149,295,322,303
2021519203,2021,519203,"Rizzo, Anthony",2230,100,0.248,0.192,0.258,0.44,0.339,0.347,0.357,0.261,123,496,89.9,14.8,2219,89.3,89.43,216,1038,1192,0.1,6.36,115,163,125,150,293,325,300
2021542303,2021,542303,"Ozuna, Marcell",758,100,0.213,0.144,0.244,0.356,0.284,0.347,0.41,0.268,40,188,89.7,14.5,2263,88.9,89.16,100,368,390,0.3,6.44,106,152,120,147,308,328,297
2021592178,2021,592178,"Bryant, Kris",2232,100,0.265,0.216,0.313,0.481,0.356,0.346,0.407,0.26,136,513,88.2,15.1,2273,88.7,88.79,305,1088,1144,0.1,6.36,106,152,121,146,301,325,297
2021575929,2021,575929,"Contreras, Willson",1969,100,0.237,0.201,0.298,0.438,0.337,0.346,0.436,0.24,98,413,91.8,9.6,2286,89.1,89.32,306,888,1081,0.2,6.37,108,152,118,147,301,325,294
2021664034,2021,664034,"France, Ty",2394,100,0.291,0.154,0.327,0.445,0.353,0.346,0.37,0.27,166,571,88.5,11,2218,88.6,88.52,230,1204,1190,-0.1,6.25,109,153,121,147,300,322,290
2021571771,2021,571771,"Hernández, Enrique",2265,100,0.25,0.199,0.278,0.449,0.338,0.346,0.38,0.253,127,508,90.8,17.9,2214,88.8,88.84,238,1011,1254,0,6.3,107,152,117,145,292,322,295
2021543543,2021,543543,"Miller, Brad",1525,100,0.227,0.227,0.276,0.453,0.331,0.345,0.451,0.247,75,331,92.1,12.6,2203,89,88.9,216,700,825,-0.1,6.28,115,155,120,150,292,322,297
2021596019,2021,596019,"Lindor, Francisco",2096,100,0.23,0.181,0.248,0.412,0.317,0.345,0.38,0.254,104,452,89.1,13,2224,88.8,88.68,230,993,1102,-0.1,6.33,111,150,112,147,296,324,300
2021656775,2021,656775,"Mullins, Cedric",2588,100,0.291,0.228,0.322,0.518,0.372,0.344,0.386,0.272,175,602,88.2,13.7,2223,89,89.01,244,1197,1391,0,6.4,109,149,101,150,289,321,298
2021666915,2021,666915,"Dalbec, Bobby",1836,100,0.24,0.254,0.316,0.494,0.334,0.344,0.503,0.236,100,417,92.4,17.3,2234,88.5,88.48,353,925,911,0,6.28,107,152,121,146,296,325,298
2021621493,2021,621493,"Ward, Taylor",874,100,0.25,0.188,0.301,0.438,0.333,0.344,0.407,0.259,52,208,86.9,16,2210,88,88.06,103,411,463,0.1,6.36,108,152,118,148,303,323,294
2021602104,2021,602104,"Urías, Ramón",1253,100,0.279,0.134,0.369,0.412,0.341,0.344,0.421,0.27,73,262,89.3,4.9,2213,89.1,89.19,142,550,703,0.1,6.42,107,151,115,147,302,322,287
2021457705,2021,457705,"McCutchen, Andrew",2308,100,0.222,0.222,0.242,0.444,0.335,0.344,0.39,0.24,107,482,88.8,14.6,2251,88.8,88.8,249,963,1345,0,6.3,107,152,118,146,301,323,291
2021608348,2021,608348,"Kelly, Carson",1473,100,0.24,0.171,0.27,0.411,0.328,0.343,0.378,0.251,73,304,88.2,18.6,2253,89.4,88.92,155,619,854,-0.5,6.36,108,153,119,147,306,323,293
2021543309,2021,543309,"Higashioka, Kyle",816,100,0.181,0.207,0.2,0.389,0.272,0.343,0.451,0.233,35,193,90.5,21.7,2253,87.7,87.64,119,380,436,-0.1,6.31,106,153,120,146,301,326,290
2021476704,2021,476704,"Lowrie, Jed",2033,100,0.245,0.153,0.289,0.398,0.311,0.343,0.399,0.259,112,457,90.7,16.4,2216,88.7,88.78,230,949,1084,0.1,6.33,114,160,120,150,297,322,296
2021596847,2021,596847,"Choi, Ji-Man",1279,100,0.229,0.182,0.3,0.411,0.334,0.342,0.42,0.237,59,258,91,14.3,2198,89.5,89.54,172,543,735,0,6.46,116,164,126,151,292,326,302
2021657077,2021,657077,"Verdugo, Alex",2346,100,0.289,0.138,0.327,0.426,0.334,0.342,0.376,0.285,157,544,89.9,7.7,2190,89,88.93,186,1049,1297,-0.1,6.25,114,154,121,150,284,320,305
2021600303,2021,600303,"La Stella, Tommy",1034,100,0.25,0.155,0.255,0.405,0.307,0.342,0.355,0.28,55,220,88.6,13.5,2265,90,90,50,411,623,0,6.22,118,155,128,147,290,320,304
2021543228,2021,543228,"Gomes, Yan",1348,100,0.252,0.169,0.287,0.421,0.308,0.341,0.409,0.28,88,349,89.6,14.1,2250,89,89.15,141,686,662,0.1,6.34,105,152,118,146,303,320,293
2021641820,2021,641820,"Mancini, Trey",2468,100,0.255,0.176,0.308,0.432,0.326,0.341,0.412,0.266,142,556,88.9,9.6,2224,88.5,88.55,343,1160,1308,0,6.42,108,152,121,148,306,327,291
2021572761,2021,572761,"Carpenter, Matt",1123,100,0.169,0.106,0.25,0.275,0.269,0.341,0.433,0.225,35,207,89,19.7,2245,89.1,89.17,129,435,688,0.1,6.34,116,163,120,148,299,324,303
2021667670,2021,667670,"Rooker, Brent",814,100,0.201,0.196,0.264,0.397,0.301,0.341,0.468,0.238,38,189,91,13.1,2220,88.4,87.47,130,389,425,-0.9,6.28,106,153,120,146,299,323,294
2021642133,2021,642133,"Tellez, Rowdy",1266,100,0.242,0.172,0.275,0.414,0.306,0.34,0.4,0.265,72,297,92.2,13.4,2216,88.7,88.75,143,614,652,0,6.28,115,168,131,152,298,325,301
2021571980,2021,571980,"Naquin, Tyler",1797,100,0.27,0.207,0.318,0.477,0.345,0.34,0.413,0.264,111,411,88.9,8.7,2231,89.3,89.5,240,1011,786,0.2,6.32,113,152,119,149,292,323,301
2021518934,2021,518934,"LeMahieu, DJ",2660,100,0.268,0.094,0.301,0.362,0.315,0.34,0.35,0.283,160,597,90.6,5,2221,89.7,89.73,158,1100,1560,0,6.36,110,151,121,149,309,324,286
2021666971,2021,666971,"Gurriel Jr., Lourdes",2072,100,0.276,0.19,0.305,0.466,0.333,0.339,0.396,0.272,138,500,89.5,10.2,2257,89.1,88.94,255,1054,1018,-0.2,6.28,107,152,119,148,303,325,291
2021605204,2021,605204,"Davis, J.D.",890,100,0.285,0.151,0.426,0.436,0.357,0.338,0.449,0.248,51,179,89.7,13.2,2229,89.7,89.7,183,446,444,0,6.32,106,152,119,147,305,326,293
2021596129,2021,596129,"Vogelbach, Daniel",1177,100,0.219,0.163,0.255,0.381,0.325,0.337,0.364,0.238,47,215,91.4,11.7,2287,89.1,87.85,74,386,791,-1.2,6.23,117,166,136,152,295,323,304
2021669221,2021,669221,"Murphy, Sean",1694,100,0.216,0.188,0.257,0.405,0.309,0.337,0.407,0.24,85,393,89.2,15.4,2275,88,87.85,224,806,888,-0.1,6.31,107,153,121,146,303,324,292
2021543105,2021,543105,"Dickerson, Alex",1229,100,0.233,0.187,0.273,0.42,0.313,0.337,0.412,0.261,66,283,87.4,17,2290,89.4,89.43,175,618,611,0,6.29,117,159,124,152,294,324,304
2021650333,2021,650333,"Arraez, Luis",1975,100,0.294,0.082,0.323,0.376,0.321,0.337,0.339,0.295,126,428,88.4,9.9,2210,89.8,89.56,92,859,1116,-0.2,6.28,114,149,106,150,282,314,299
2021657757,2021,657757,"Sheets, Gavin",809,100,0.25,0.256,0.264,0.506,0.352,0.337,0.395,0.246,40,160,90.4,11.7,2131,88.7,88.85,77,374,435,0.2,6.3,113,161,123,150,294,325,302
2021592885,2021,592885,"Yelich, Christian",2012,100,0.248,0.125,0.321,0.373,0.325,0.337,0.385,0.254,99,399,90.6,2.6,2232,88.8,88.35,207,832,1180,-0.5,6.22,117,157,124,151,299,325,307
2021660821,2021,660821,"Sánchez, Jesús",989,100,0.251,0.238,0.316,0.489,0.339,0.337,0.464,0.244,57,227,90.2,8.7,2211,88.7,88.51,145,496,493,-0.2,6.31,114,154,122,148,292,322,301
2021608701,2021,608701,"Refsnyder, Rob",669,100,0.245,0.094,0.327,0.338,0.296,0.336,0.41,0.258,34,139,89.2,9.4,2268,88.8,88.89,72,268,401,0.1,6.3,108,152,118,146,300,321,288
2021596142,2021,596142,"Sánchez, Gary",1845,100,0.204,0.219,0.23,0.423,0.314,0.336,0.417,0.228,78,383,89.5,20.5,2235,89.4,89.59,239,814,1031,0.2,6.42,107,155,122,147,303,331,293
2021643376,2021,643376,"Jansen, Danny",805,100,0.223,0.25,0.233,0.473,0.329,0.336,0.391,0.244,41,184,89.6,20.4,2273,88.8,88.87,100,395,410,0.1,6.32,105,151,118,145,298,323,289
2021641584,2021,641584,"Fraley, Jake",1159,100,0.21,0.159,0.265,0.369,0.322,0.335,0.384,0.229,45,214,84.9,12,2205,89.1,89.07,132,461,698,0,6.34,115,158,121,151,290,318,297
2021657656,2021,657656,"Laureano, Ramón",1501,100,0.246,0.196,0.304,0.443,0.327,0.335,0.416,0.245,84,341,88,12,2271,88.4,88.16,196,726,775,-0.2,6.36,107,153,119,146,304,325,290
2021596115,2021,596115,"Story, Trevor",2402,100,0.251,0.221,0.293,0.471,0.341,0.335,0.397,0.245,132,526,90.6,17.4,2276,88.9,89.11,335,1221,1181,0.2,6.27,106,152,119,146,310,333,301
2021456781,2021,456781,"Solano, Donovan",1317,100,0.28,0.124,0.321,0.404,0.324,0.335,0.369,0.275,86,307,88.1,10.7,2275,88.5,88.69,133,654,663,0.2,6.34,107,152,118,148,304,319,285
2021596103,2021,596103,"Slater, Austin",1188,100,0.241,0.182,0.303,0.423,0.321,0.335,0.426,0.256,66,274,86.5,7.4,2229,88.6,88.64,162,540,648,0,6.28,108,152,114,147,305,322,291
2021467793,2021,467793,"Santana, Carlos",2706,100,0.214,0.127,0.227,0.342,0.294,0.335,0.342,0.244,121,565,89.9,12.9,2171,88.6,88.61,261,1174,1532,0,6.2,113,162,127,150,302,328,304
2021543257,2021,543257,"Grossman, Robbie",2817,100,0.239,0.176,0.286,0.415,0.337,0.334,0.371,0.234,133,557,87.3,20.5,2195,89,88.95,234,1081,1736,0,6.28,114,158,118,150,296,324,295
2021542583,2021,542583,"Aguilar, Jesús",2066,100,0.261,0.198,0.279,0.459,0.334,0.334,0.375,0.26,117,449,89.6,19,2260,88.8,88.72,240,926,1140,-0.1,6.33,107,152,120,147,306,325,294
2021592626,2021,592626,"Pederson, Joc",1918,100,0.238,0.184,0.281,0.422,0.315,0.333,0.402,0.244,102,429,90.4,13.8,2249,88.9,88.91,246,935,983,0,6.36,118,164,125,149,297,325,301
2021543281,2021,543281,"Harrison, Josh",1877,100,0.279,0.121,0.313,0.4,0.325,0.333,0.349,0.278,141,505,87,14.6,2250,89,88.88,195,1040,836,-0.1,6.35,106,152,113,146,301,318,288
2021649966,2021,649966,"Urías, Luis",2278,100,0.249,0.196,0.28,0.445,0.34,0.333,0.368,0.241,122,490,87.8,13.9,2237,89.1,88.66,241,1055,1223,-0.4,6.28,107,152,114,146,301,320,289
2021543760,2021,543760,"Semien, Marcus",2923,100,0.265,0.273,0.276,0.538,0.368,0.333,0.38,0.245,173,652,89.7,20.4,2241,88.8,88.6,284,1318,1605,-0.2,6.27,106,154,119,146,300,325,292
2021514888,2021,514888,"Altuve, Jose",2489,100,0.278,0.211,0.28,0.489,0.357,0.332,0.344,0.262,167,601,86.6,15,2198,88.6,88.41,187,1179,1310,-0.2,6.33,106,153,110,146,297,325,291
2021592192,2021,592192,"Canha, Mark",2642,100,0.231,0.156,0.274,0.387,0.333,0.332,0.343,0.231,120,519,87.3,13.5,2269,88.4,88.29,230,1071,1571,-0.1,6.33,108,153,120,147,301,324,293
2021650490,2021,650490,"Díaz, Yandy",2031,100,0.256,0.131,0.286,0.387,0.325,0.332,0.342,0.254,119,465,89.9,6.6,2223,89.6,89.67,167,866,1164,0.1,6.44,107,152,122,149,308,327,290
2021645277,2021,645277,"Albies, Ozzie",2608,100,0.259,0.229,0.278,0.488,0.336,0.332,0.382,0.26,163,629,89.5,20.9,2204,88.6,88.67,369,1482,1126,0.1,6.34,113,154,120,148,299,324,299
2021683734,2021,683734,"Vaughn, Andrew",1809,100,0.235,0.161,0.271,0.396,0.306,0.332,0.383,0.243,98,417,91.1,9.7,2248,88.6,88.69,202,821,988,0.1,6.31,105,151,119,146,302,324,291
2021621020,2021,621020,"Swanson, Dansby",2578,100,0.248,0.201,0.297,0.449,0.322,0.332,0.417,0.251,146,588,89,14.1,2246,88.4,88.63,377,1240,1338,0.2,6.38,106,152,116,146,307,324,291
2021608324,2021,608324,"Bregman, Alex",1593,100,0.27,0.152,0.286,0.422,0.336,0.332,0.337,0.258,94,348,89,15.9,2236,88.6,88.5,89,660,933,-0.1,6.36,105,152,120,146,298,328,293
2021643524,2021,643524,"Schwindel, Frank",918,100,0.326,0.264,0.348,0.591,0.403,0.332,0.373,0.272,79,242,86.9,12.6,2246,88.4,88.52,111,478,440,0.1,6.31,108,152,121,146,298,324,298
2021656252,2021,656252,"Bradley, Bobby",1089,100,0.208,0.237,0.263,0.445,0.314,0.331,0.478,0.224,51,245,89,12,2185,88.2,88.32,210,521,568,0.1,6.3,115,167,126,152,294,324,301
2021444489,2021,444489,"Piña, Manny",801,100,0.189,0.25,0.162,0.439,0.315,0.331,0.349,0.219,34,180,86.5,18.7,2232,88.4,88.24,82,344,457,-0.2,6.26,106,152,119,146,302,321,292
2021650402,2021,650402,"Torres, Gleyber",2078,100,0.259,0.107,0.314,0.366,0.307,0.331,0.377,0.265,119,459,86.8,14.1,2242,88.9,88.81,255,970,1108,-0.1,6.37,107,153,120,146,303,325,286
2021643217,2021,643217,"Benintendi, Andrew",2045,100,0.276,0.166,0.309,0.442,0.328,0.331,0.377,0.261,136,493,89.1,15.3,2210,89,88.9,242,1074,970,-0.1,6.2,113,152,112,150,293,322,305
2021594807,2021,594807,"Duvall, Adam",2158,100,0.228,0.263,0.26,0.491,0.324,0.33,0.457,0.227,117,513,89.8,23.6,2248,88.9,88.91,316,1080,1078,0,6.36,107,152,120,145,305,325,296
2021592663,2021,592663,"Realmuto, J.T.",2096,100,0.263,0.176,0.325,0.439,0.336,0.329,0.393,0.253,125,476,89.6,11.5,2240,88.8,88.83,280,1038,1058,0,6.29,107,152,119,147,303,325,292
2021641313,2021,641313,"Anderson, Tim",2010,100,0.309,0.159,0.372,0.469,0.345,0.329,0.407,0.284,163,527,89.6,4.3,2236,89,89.11,301,1162,848,0.1,6.29,107,151,116,146,302,323,289
2021650391,2021,650391,"Jiménez, Eloy",793,100,0.249,0.188,0.293,0.437,0.317,0.329,0.412,0.253,53,213,90.5,8.5,2214,88.1,88.22,141,417,376,0.1,6.31,104,153,120,146,308,328,297
2021677551,2021,677551,"Franco, Wander",1101,100,0.288,0.174,0.311,0.463,0.348,0.329,0.34,0.276,81,281,88.2,9.7,2170,88.8,88.73,89,544,557,-0.1,6.45,111,150,117,149,292,324,298
2021621035,2021,621035,"Taylor, Chris",2384,100,0.254,0.183,0.337,0.438,0.338,0.329,0.415,0.237,129,507,87.4,16.5,2228,89.1,88.64,355,1087,1297,-0.5,6.26,107,152,115,146,304,323,295
2021623993,2021,623993,"Santander, Anthony",1812,100,0.241,0.192,0.275,0.433,0.307,0.328,0.404,0.269,98,406,90.5,17.8,2173,88.8,88.95,234,934,878,0.1,6.38,112,156,121,150,296,324,296
2021500871,2021,500871,"Escobar, Eduardo",2404,100,0.253,0.219,0.279,0.472,0.334,0.328,0.382,0.249,139,549,86.9,20.6,2217,88.9,88.71,284,1189,1215,-0.2,6.29,113,156,122,149,298,322,300
2021665120,2021,665120,"Walsh, Jared",2256,100,0.277,0.232,0.335,0.509,0.357,0.327,0.414,0.257,147,530,89.6,7.8,2239,88.5,88.47,289,1112,1144,0,6.27,116,163,126,152,298,325,304
2021608700,2021,608700,"Plawecki, Kevin",622,100,0.287,0.102,0.328,0.389,0.325,0.327,0.349,0.258,45,157,86.9,13.1,2253,89,89.05,47,288,334,0,6.29,109,152,120,147,291,319,291
2021640457,2021,640457,"Meadows, Austin",2366,100,0.234,0.224,0.249,0.458,0.327,0.326,0.369,0.24,121,518,89.3,21.7,2201,89.1,88.99,269,1104,1261,-0.1,6.44,114,160,128,150,294,327,301
2021624641,2021,624641,"Sosa, Edmundo",1190,100,0.271,0.118,0.326,0.389,0.322,0.326,0.363,0.266,78,288,86.4,5.6,2283,88.6,88.67,177,638,552,0.1,6.3,107,151,112,146,306,320,292
2021571718,2021,571718,"Goodwin, Brian",1179,100,0.221,0.153,0.259,0.374,0.306,0.326,0.363,0.248,52,235,88.1,16.7,2184,88.6,88.63,135,495,684,0,6.3,113,155,116,151,293,324,298
2021493329,2021,493329,"Gurriel, Yuli",2292,100,0.319,0.143,0.336,0.462,0.363,0.326,0.325,0.271,169,530,89.8,13.4,2211,89,88.97,136,981,1311,0,6.34,108,152,122,148,301,327,292
2021663624,2021,663624,"Mountcastle, Ryan",2295,100,0.255,0.232,0.297,0.487,0.335,0.326,0.422,0.245,136,534,89.1,16.3,2249,88.6,88.71,400,1265,1030,0.1,6.41,109,152,121,148,302,325,289
2021543333,2021,543333,"Hosmer, Eric",2200,100,0.269,0.126,0.313,0.395,0.319,0.326,0.359,0.268,137,509,90.3,3,2255,89,88.93,243,1063,1137,-0.1,6.26,117,156,121,152,296,325,306
2021553993,2021,553993,"Suárez, Eugenio",2391,100,0.198,0.23,0.224,0.428,0.306,0.326,0.42,0.215,100,505,89.1,18.3,2234,88.4,88.48,302,1022,1369,0.1,6.34,106,151,120,144,301,326,297
2021669016,2021,669016,"Marsh, Brandon",1073,100,0.254,0.102,0.403,0.356,0.296,0.325,0.472,0.266,60,236,90.9,7.6,2225,88.5,88.47,161,488,585,0,6.28,118,151,116,150,293,321,302
2021641857,2021,641857,"McMahon, Ryan",2388,100,0.254,0.195,0.306,0.449,0.334,0.325,0.391,0.244,134,528,90.2,14.2,2233,88.7,88.93,340,1165,1223,0.2,6.27,114,156,125,149,299,332,310
2021595879,2021,595879,"Báez, Javier",2065,100,0.265,0.229,0.352,0.494,0.344,0.325,0.466,0.241,133,502,89.7,10.9,2276,88.7,88.77,476,1175,890,0.1,6.37,106,152,118,147,303,326,295
2021642715,2021,642715,"Adames, Willy",2221,100,0.262,0.219,0.331,0.481,0.349,0.325,0.413,0.236,130,497,89.5,16.8,2228,88.7,88.41,354,1085,1136,-0.3,6.34,107,152,117,146,304,323,293
2021622110,2021,622110,"Duffy, Matt",1269,100,0.287,0.093,0.351,0.381,0.327,0.325,0.362,0.275,83,289,87.1,7,2279,89.2,89.35,83,538,731,0.1,6.4,108,151,117,148,298,317,284
2021642086,2021,642086,"Smith, Dominic",1850,100,0.244,0.119,0.298,0.363,0.291,0.325,0.389,0.262,109,446,89,14.9,2231,88.5,88.52,265,962,888,0,6.32,114,157,126,148,293,322,302
2021624428,2021,624428,"Frazier, Adam",2352,100,0.305,0.106,0.339,0.411,0.341,0.324,0.327,0.288,176,577,85,12,2229,88.9,88.77,139,1120,1232,-0.1,6.24,116,151,108,150,284,314,295
2021516770,2021,516770,"Castro, Starlin",1292,100,0.283,0.092,0.339,0.375,0.309,0.324,0.367,0.272,89,315,88.4,9.1,2277,89.2,89.22,132,597,695,0,6.36,107,152,118,147,305,320,292
2021457708,2021,457708,"Upton, Justin",1520,100,0.211,0.198,0.254,0.409,0.305,0.324,0.418,0.227,67,318,90.1,15.5,2252,89.1,88.96,215,685,835,-0.1,6.27,108,152,121,146,305,324,297
2021663886,2021,663886,"Stephenson, Tyler",1577,100,0.286,0.146,0.333,0.431,0.346,0.324,0.35,0.257,100,350,88.4,7.4,2236,88.6,88.62,122,637,940,0,6.26,107,151,119,145,302,323,290
2021641432,2021,641432,"Calhoun, Willie",1022,100,0.25,0.131,0.267,0.381,0.301,0.323,0.334,0.275,65,260,90.1,14.9,2233,87.8,87.56,73,455,567,-0.2,6.16,116,163,121,151,299,327,301
2021666158,2021,666158,"Lux, Gavin",1441,100,0.242,0.122,0.3,0.364,0.303,0.323,0.368,0.26,81,335,89.8,11.4,2221,88.8,88.89,154,672,769,0.1,6.27,114,150,121,150,294,322,303
2021662139,2021,662139,"Varsho, Daulton",1220,100,0.246,0.19,0.286,0.437,0.322,0.323,0.377,0.248,70,284,86,17.1,2244,88.9,88.89,154,628,592,0,6.3,113,151,116,149,292,323,304
2021545358,2021,545358,"Stassi, Max",1270,100,0.241,0.184,0.325,0.426,0.327,0.323,0.428,0.232,68,282,89.9,11.1,2243,89.1,89.15,177,565,705,0,6.32,105,152,120,146,307,322,293
2021663993,2021,663993,"Lowe, Nathaniel",2691,100,0.264,0.151,0.339,0.415,0.337,0.323,0.381,0.236,147,557,90.8,5,2212,89.5,89.33,283,1202,1489,-0.2,6.25,116,158,124,152,295,328,305
2021641470,2021,641470,"Collins, Zack",940,100,0.21,0.128,0.303,0.338,0.3,0.323,0.4,0.22,41,195,90.3,20,2200,89.1,89.13,117,415,525,0,6.24,113,163,122,150,290,324,303
2021647351,2021,647351,"Toro, Abraham",1502,100,0.239,0.134,0.254,0.373,0.303,0.323,0.334,0.247,80,335,86.8,13.7,2141,89,88.75,127,720,782,-0.3,6.22,112,152,120,148,293,320,292
2021607054,2021,607054,"Peterson, Jace",1295,100,0.247,0.12,0.31,0.367,0.318,0.322,0.356,0.239,64,259,87.4,11.8,2234,88.6,88.09,142,522,773,-0.5,6.23,117,151,113,151,292,320,301
2021606992,2021,606992,"Haase, Eric",1548,100,0.231,0.228,0.278,0.459,0.316,0.322,0.441,0.234,81,351,90.9,16,2227,88.4,88.37,258,744,804,0,6.26,106,155,120,146,301,326,292
2021657041,2021,657041,"Thomas, Lane",1115,100,0.235,0.177,0.293,0.412,0.328,0.322,0.365,0.234,53,226,91,12.3,2249,89.8,89.86,94,446,669,0.1,6.31,108,153,113,147,305,319,288
2021405395,2021,405395,"Pujols, Albert",1123,100,0.236,0.196,0.223,0.433,0.302,0.322,0.359,0.256,65,275,90.3,11.9,2239,87.7,87.67,115,529,594,0,6.21,108,155,123,149,301,325,293
2021593934,2021,593934,"Sanó, Miguel",2195,100,0.223,0.243,0.291,0.466,0.332,0.322,0.451,0.216,105,470,93.4,17.6,2244,88.6,88.66,374,980,1215,0.1,6.29,107,153,123,145,302,327,297
2021666185,2021,666185,"Carlson, Dylan",2530,100,0.266,0.172,0.332,0.437,0.336,0.322,0.383,0.247,144,542,87.8,14.5,2222,88.4,88.43,317,1138,1392,0,6.27,114,154,118,149,299,322,300
2021676694,2021,676694,"Meyers, Jake",655,100,0.26,0.178,0.352,0.438,0.328,0.321,0.432,0.247,38,146,88.4,9,2198,87.9,87.94,88,301,354,0,6.33,109,152,116,145,303,324,291
2021621550,2021,621550,"Wisdom, Patrick",1631,100,0.231,0.287,0.318,0.518,0.346,0.321,0.516,0.216,78,338,91.2,19.1,2235,89,89.13,337,816,815,0.1,6.34,108,152,121,146,299,326,298
2021656305,2021,656305,"Chapman, Matt",2675,100,0.21,0.193,0.272,0.403,0.311,0.321,0.421,0.209,111,529,89.7,18.6,2238,89.3,89.08,391,1194,1481,-0.2,6.32,108,152,121,147,304,325,295
2021643393,2021,643393,"Kemp, Tony",1511,100,0.279,0.139,0.304,0.418,0.351,0.321,0.303,0.25,92,330,85,17.1,2191,89.2,89.32,98,635,875,0.1,6.31,110,148,104,149,283,315,298
2021663538,2021,663538,"Hoerner, Nico",650,100,0.302,0.067,0.36,0.369,0.33,0.32,0.333,0.279,45,149,86.6,7.2,2281,87.6,87.83,58,313,337,0.2,6.38,107,151,112,147,298,318,285
2021661388,2021,661388,"Contreras, William",708,100,0.215,0.184,0.265,0.399,0.303,0.32,0.41,0.231,35,163,91.9,9,2271,88.7,88.86,132,363,345,0.2,6.39,107,152,117,147,307,322,291
2021628451,2021,628451,"Ibáñez, Andy",929,100,0.277,0.158,0.297,0.435,0.325,0.32,0.342,0.264,70,253,88.5,15.1,2204,88.7,88.69,98,479,450,0,6.29,107,151,116,147,299,323,290
2021516416,2021,516416,"Segura, Jean",2182,100,0.29,0.146,0.317,0.436,0.338,0.319,0.337,0.266,149,514,86.8,5.9,2231,89,88.99,182,1062,1120,0,6.32,108,152,111,149,301,318,283
2021592696,2021,592696,"Rosario, Eddie",1508,100,0.259,0.177,0.273,0.435,0.316,0.319,0.349,0.255,98,379,88,14.9,2213,88.6,88.64,155,807,701,0,6.26,115,158,116,151,294,322,299
2021572122,2021,572122,"Seager, Kyle",2554,100,0.212,0.226,0.226,0.438,0.308,0.319,0.383,0.221,128,603,88.7,19,2198,87.5,87.45,375,1266,1288,-0.1,6.25,115,166,123,151,294,323,299
2021649557,2021,649557,"Díaz, Aledmys",1140,100,0.259,0.146,0.304,0.405,0.311,0.319,0.367,0.267,76,294,88.7,13.6,2199,88.3,88.23,137,609,531,-0.1,6.28,107,152,118,146,299,326,293
2021553869,2021,553869,"Díaz, Elias",1307,100,0.246,0.219,0.249,0.464,0.33,0.318,0.345,0.247,83,338,87.1,14.6,2260,88.3,88.42,162,671,635,0.1,6.23,108,151,118,147,309,328,294
2021624503,2021,624503,"Gordon, Nick",781,100,0.24,0.115,0.31,0.355,0.283,0.318,0.399,0.266,48,200,91.2,9.4,2216,89.5,89.68,128,451,330,0.2,6.34,112,150,105,150,284,318,299
2021622534,2021,622534,"Margot, Manuel",1706,100,0.254,0.128,0.281,0.382,0.301,0.318,0.342,0.268,107,421,87.3,10.4,2206,89.2,89.25,177,872,833,0,6.42,103,152,107,147,302,324,289
2021664913,2021,664913,"Brown, Seth",1218,100,0.214,0.267,0.23,0.48,0.315,0.318,0.421,0.225,60,281,88.9,20.9,2223,87.8,87.68,177,547,671,-0.1,6.35,114,160,123,151,295,325,301
2021573262,2021,573262,"Yastrzemski, Mike",2103,100,0.224,0.233,0.254,0.457,0.326,0.318,0.378,0.221,105,468,88.7,19.2,2277,88.7,88.72,234,965,1138,0,6.29,116,155,119,151,294,323,305
2021620443,2021,620443,"Torrens, Luis",1554,100,0.243,0.188,0.294,0.431,0.311,0.318,0.402,0.245,84,346,90.7,6.4,2252,88.7,88.71,193,704,850,0,6.25,109,152,120,147,301,321,287
2021456715,2021,456715,"Cain, Lorenzo",1134,100,0.257,0.144,0.287,0.401,0.319,0.317,0.34,0.254,66,257,88.4,7.2,2255,88.7,88.76,111,506,628,0.1,6.33,108,151,117,147,304,320,288
2021664023,2021,664023,"Happ, Ian",2250,100,0.226,0.209,0.281,0.434,0.328,0.317,0.396,0.22,105,465,88.9,9.5,2241,89.5,89.58,319,987,1263,0.1,6.37,114,154,121,149,295,323,298
2021656976,2021,656976,"Smith, Pavin",2076,100,0.267,0.137,0.319,0.404,0.318,0.317,0.359,0.258,133,498,87.1,8.8,2239,88.8,88.57,151,875,1201,-0.2,6.31,118,154,121,150,295,323,305
2021501659,2021,501659,"Almonte, Abraham",763,100,0.216,0.182,0.255,0.399,0.321,0.317,0.339,0.228,32,148,89.3,10.5,2189,89.6,89.83,76,328,435,0.2,6.41,113,151,114,149,298,322,298
2021605548,2021,605548,"Zimmer, Bradley",1375,100,0.227,0.117,0.347,0.344,0.3,0.317,0.436,0.225,68,299,87.7,7.3,2228,88.7,88.68,223,616,759,0,6.21,114,151,111,151,290,321,299
2021669242,2021,669242,"Edman, Tommy",2612,100,0.262,0.125,0.291,0.387,0.301,0.316,0.341,0.274,168,641,87,9,2232,89.2,89.3,185,1239,1373,0.1,6.3,114,151,110,150,295,320,299
2021669720,2021,669720,"Hays, Austin",1957,100,0.256,0.205,0.286,0.461,0.328,0.316,0.368,0.245,125,488,88.4,12.2,2240,88.2,88.24,223,908,1049,0,6.4,105,152,115,146,299,323,290
2021570256,2021,570256,"Polanco, Gregory",1551,100,0.208,0.146,0.258,0.354,0.275,0.316,0.397,0.232,70,336,89.5,15.2,2250,88.5,88.54,228,746,805,0,6.26,115,160,128,150,299,322,299
2021571875,2021,571875,"Lamb, Jake",683,100,0.194,0.174,0.239,0.368,0.298,0.316,0.39,0.216,28,144,90,17.7,2217,89.4,89.56,81,305,378,0.2,6.39,115,165,124,151,292,324,300
2021656669,2021,656669,"Luplow, Jordan",869,100,0.202,0.252,0.232,0.454,0.337,0.315,0.377,0.188,33,163,86.4,22.5,2215,88.8,88.71,117,377,492,-0.1,6.24,105,152,118,144,297,324,292
2021408234,2021,408234,"Cabrera, Miguel",2035,100,0.256,0.129,0.305,0.386,0.305,0.315,0.372,0.234,121,472,91.4,10,2222,89.1,89.11,259,1005,1030,0,6.29,108,156,123,148,305,328,293
2021605612,2021,605612,"Castro, Harold",1173,100,0.283,0.076,0.351,0.359,0.291,0.315,0.383,0.287,89,315,87.4,9.3,2216,88.9,88.99,175,677,496,0.1,6.32,113,149,106,151,287,320,298
2021592567,2021,592567,"Moran, Colin",1386,100,0.258,0.132,0.321,0.39,0.318,0.315,0.37,0.245,82,318,88.5,6.4,2209,88.6,88.55,183,681,705,0,6.24,115,162,120,150,296,320,299
2021592325,2021,592325,"Gamel, Ben",1600,100,0.247,0.141,0.329,0.388,0.322,0.315,0.371,0.23,84,340,87.5,14.2,2208,88.7,88.78,192,712,888,0.1,6.27,116,151,111,150,290,318,297
2021621466,2021,621466,"Stewart, DJ",1328,100,0.204,0.17,0.254,0.374,0.31,0.315,0.371,0.205,55,270,87.3,18.7,2225,89.8,89.86,197,626,702,0.1,6.41,116,162,123,152,294,324,300
2021643446,2021,643446,"McNeil, Jeff",1514,100,0.251,0.109,0.28,0.36,0.301,0.315,0.325,0.257,97,386,88,11.8,2198,89,89.15,155,850,664,0.1,6.36,113,151,114,148,291,321,297
2021501303,2021,501303,"Adrianza, Ehire",835,100,0.247,0.154,0.29,0.401,0.316,0.314,0.346,0.249,45,182,84.6,12.7,2166,89,89.26,79,375,459,0.3,6.37,110,150,111,149,295,321,295
2021607732,2021,607732,"Stallings, Jacob",1697,100,0.246,0.123,0.297,0.369,0.312,0.314,0.339,0.245,92,374,87.9,10.6,2236,88.8,88.83,168,721,976,0,6.28,108,152,118,147,304,318,288
2021621438,2021,621438,"Taylor, Tyrone",1049,100,0.247,0.21,0.277,0.457,0.333,0.314,0.36,0.239,60,243,88.6,15.9,2278,88.7,87.37,122,516,533,-1.3,6.3,107,152,117,146,302,320,293
2021664761,2021,664761,"Bohm, Alec",1673,100,0.247,0.095,0.327,0.342,0.285,0.313,0.394,0.261,94,380,92,5.6,2248,89.6,89.65,218,818,855,0.1,6.33,108,152,120,149,306,322,288
2021640449,2021,640449,"Frazier, Jackson",949,100,0.186,0.131,0.257,0.317,0.289,0.313,0.372,0.207,34,183,86.9,14,2263,88.8,88.91,108,359,590,0.1,6.39,106,153,121,147,308,326,288
2021606213,2021,606213,"Mercedes, Yermín",1097,100,0.271,0.133,0.309,0.404,0.317,0.313,0.347,0.246,65,240,87.3,15.8,2302,88.3,88.32,129,587,510,0,6.28,107,153,121,146,298,324,290
2021518595,2021,518595,"d'Arnaud, Travis",872,100,0.22,0.167,0.26,0.388,0.291,0.312,0.371,0.248,46,209,89.9,5.9,2265,89.8,89.93,110,453,419,0.1,6.39,109,151,119,146,307,324,291
2021623520,2021,623520,"Bote, David",1232,100,0.199,0.131,0.235,0.33,0.268,0.312,0.36,0.231,58,291,89.7,9.4,2315,88.6,88.72,146,584,647,0.1,6.36,107,151,119,146,300,322,289
2021595943,2021,595943,"Evans, Phillip",928,100,0.206,0.093,0.25,0.299,0.278,0.312,0.338,0.244,44,214,88.3,5.3,2300,88.4,88.44,98,415,513,0,6.28,107,152,118,147,302,319,290
2021527038,2021,527038,"Flores, Wilmer",1727,100,0.262,0.185,0.264,0.447,0.337,0.312,0.313,0.238,102,389,88.6,18,2255,88.3,88.48,130,794,933,0.2,6.34,108,153,121,147,301,322,295
2021657557,2021,657557,"DeJong, Paul",1578,100,0.197,0.194,0.216,0.39,0.293,0.312,0.371,0.211,70,356,86.3,16.4,2265,88.9,89.03,220,789,789,0.1,6.32,107,152,119,146,305,325,297
2021656541,2021,656541,"Hilliard, Sam",995,100,0.215,0.248,0.283,0.463,0.318,0.312,0.462,0.213,46,214,89.4,11.9,2201,88.7,88.85,195,470,525,0.2,6.23,114,154,127,147,299,331,307
2021600474,2021,600474,"Severino, Pedro",1693,100,0.248,0.135,0.314,0.383,0.299,0.311,0.387,0.249,94,379,88.2,15.2,2235,88.5,88.59,239,811,882,0.1,6.43,107,153,120,147,299,322,288
2021663898,2021,663898,"Rodgers, Brendan",1513,100,0.284,0.186,0.328,0.47,0.341,0.311,0.364,0.253,110,387,88.8,6.3,2244,88.7,88.59,183,795,718,-0.1,6.23,107,151,117,147,308,328,294
2021676801,2021,676801,"McCormick, Chas",1283,100,0.257,0.19,0.341,0.447,0.327,0.311,0.425,0.224,73,284,90.3,18.6,2217,89.1,89.11,212,598,685,0,6.32,106,152,116,146,300,325,291
2021542364,2021,542364,"Ortega, Rafael",1337,100,0.291,0.172,0.349,0.463,0.355,0.311,0.355,0.252,86,296,87.2,17.4,2253,88.8,88.96,127,600,737,0.2,6.35,114,151,112,151,288,321,299
2021570731,2021,570731,"Schoop, Jonathan",2588,100,0.278,0.157,0.317,0.435,0.324,0.311,0.361,0.258,173,623,88.1,10.7,2221,88.9,88.89,335,1358,1230,0,6.29,108,153,122,147,301,326,293
2021647304,2021,647304,"Naylor, Josh",874,100,0.253,0.146,0.287,0.399,0.302,0.311,0.354,0.254,59,233,89.8,9,2262,88.1,88.15,98,461,413,0,6.27,115,160,117,151,292,321,301
2021571448,2021,571448,"Arenado, Nolan",2443,100,0.255,0.239,0.249,0.494,0.336,0.311,0.336,0.248,151,593,89,20,2299,89.2,89.29,211,1143,1300,0.1,6.33,106,152,121,147,307,326,300
2021572233,2021,572233,"Walker, Christian",1774,100,0.244,0.137,0.307,0.382,0.304,0.311,0.369,0.249,98,401,88.8,15.6,2247,89.6,89.36,260,951,823,-0.2,6.37,109,153,120,148,307,328,298
2021514917,2021,514917,"Hernández, César",2457,100,0.232,0.154,0.266,0.386,0.302,0.311,0.353,0.243,132,570,86.4,9.7,2163,89,89,255,1158,1299,0,6.25,110,150,104,149,290,319,295
2021672284,2021,672284,"Kelenic, Jarred",1477,100,0.181,0.169,0.216,0.35,0.27,0.31,0.388,0.219,61,337,87.3,14.4,2208,87.8,87.72,189,703,774,-0.1,6.25,115,152,120,151,291,321,298
2021609280,2021,609280,"Andújar, Miguel",618,100,0.253,0.13,0.273,0.383,0.288,0.31,0.357,0.268,39,154,87.1,6.1,2217,88.6,88.51,66,341,277,-0.1,6.36,106,152,120,147,304,328,290
2021444876,2021,444876,"Escobar, Alcides",1383,100,0.288,0.116,0.337,0.404,0.325,0.309,0.335,0.271,92,319,80.4,9.6,2214,89.1,89.19,156,721,662,0.1,6.3,107,151,108,147,301,314,283
2021668731,2021,668731,"Baddoo, Akil",1880,100,0.259,0.177,0.335,0.436,0.329,0.309,0.379,0.227,107,413,86,13.8,2185,89,88.97,263,872,1008,0,6.25,114,151,108,151,292,325,299
2021663757,2021,663757,"Grisham, Trent",2168,100,0.242,0.171,0.292,0.413,0.32,0.309,0.351,0.241,112,462,87.5,11.6,2236,90.2,90.13,191,879,1289,-0.1,6.26,115,151,112,150,292,322,300
2021467092,2021,467092,"Ramos, Wilson",555,100,0.205,0.192,0.213,0.397,0.275,0.308,0.374,0.236,31,151,89.6,6.7,2281,88.8,88.86,81,303,252,0.1,6.29,108,154,122,148,302,326,292
2021623912,2021,623912,"Ramírez, Harold",1335,100,0.268,0.13,0.301,0.398,0.302,0.308,0.344,0.269,91,339,91.3,6.3,2270,88.4,88.51,176,737,598,0.1,6.28,108,151,119,147,301,321,289
2021628450,2021,628450,"Hernandez, Yadiel",1155,100,0.273,0.14,0.318,0.413,0.32,0.308,0.354,0.241,72,264,89.4,5.2,2245,88.9,88.94,160,566,589,0,6.32,114,152,116,150,294,321,303
2021462101,2021,462101,"Andrus, Elvis",2053,100,0.243,0.076,0.283,0.32,0.27,0.308,0.335,0.273,121,497,86.8,7.8,2245,88.5,88.4,197,1003,1050,-0.1,6.33,107,152,112,147,302,320,287
2021607461,2021,607461,"Beaty, Matt",885,100,0.27,0.132,0.314,0.402,0.339,0.308,0.319,0.233,55,204,86.7,12.3,2230,88.8,88.87,77,406,479,0.1,6.27,116,153,122,150,293,321,300
2021621453,2021,621453,"Duggar, Steven",1197,100,0.257,0.179,0.355,0.437,0.327,0.308,0.404,0.233,69,268,87.4,15,2275,88.2,88.41,138,502,695,0.2,6.32,113,150,110,150,292,322,306
2021543939,2021,543939,"Wong, Kolten",1815,100,0.272,0.175,0.305,0.447,0.337,0.308,0.331,0.251,121,445,87.4,12.5,2232,88.6,87.46,163,869,946,-1.1,6.29,114,150,106,151,292,319,299
2021542340,2021,542340,"Villar, Jonathan",1967,100,0.249,0.167,0.313,0.416,0.32,0.307,0.377,0.235,113,454,87.1,6.5,2191,89.3,89.06,296,982,985,-0.2,6.29,110,149,109,148,294,321,298
2021669289,2021,669289,"Espinal, Santiago",912,100,0.311,0.095,0.353,0.405,0.344,0.307,0.309,0.267,69,222,84.4,12.5,2229,88.5,88.54,66,431,481,0,6.32,105,152,109,145,298,317,282
2021665862,2021,665862,"Chisholm Jr., Jazz",2040,100,0.248,0.177,0.319,0.425,0.312,0.307,0.399,0.238,115,464,89.3,8.6,2233,88.2,88.07,286,963,1077,-0.1,6.3,115,151,113,148,292,320,300
2021425877,2021,425877,"Molina, Yadier",1669,100,0.252,0.118,0.283,0.37,0.29,0.306,0.343,0.255,111,440,88,15.3,2269,88.8,88.98,229,953,716,0.2,6.33,109,154,121,148,306,323,292
2021663616,2021,663616,"Larnach, Trevor",1211,100,0.223,0.127,0.338,0.35,0.3,0.306,0.411,0.212,58,260,90,13.1,2204,88.6,88.6,207,531,680,0,6.25,115,163,123,151,296,324,301
2021592348,2021,592348,"Goodrum, Niko",1341,100,0.214,0.145,0.301,0.359,0.286,0.304,0.411,0.215,62,290,88,13.4,2206,88.7,88.69,241,651,690,0,6.28,110,154,116,149,295,325,297
2021570482,2021,570482,"Urshela, Gio",1697,100,0.267,0.152,0.329,0.419,0.309,0.304,0.384,0.252,112,420,88.9,7.5,2273,89.1,89.09,229,916,781,0,6.36,107,153,121,148,307,325,287
2021668227,2021,668227,"Arozarena, Randy",2479,100,0.274,0.185,0.363,0.459,0.35,0.304,0.375,0.222,145,529,89.7,7.8,2221,88,87.99,355,1096,1382,0,6.44,105,152,117,148,302,327,293
2021553882,2021,553882,"Narváez, Omar",1625,100,0.266,0.136,0.308,0.402,0.322,0.304,0.328,0.235,104,391,84.6,17.9,2256,88.7,87.71,200,848,776,-1,6.28,114,164,123,151,291,321,303
2021606157,2021,606157,"Aquino, Aristides",841,100,0.19,0.218,0.253,0.408,0.303,0.304,0.429,0.188,33,174,89,22.9,2186,87.9,87.84,149,379,462,-0.1,6.29,106,151,120,145,302,326,296
2021664702,2021,664702,"Straw, Myles",2653,100,0.271,0.076,0.336,0.348,0.311,0.303,0.325,0.256,153,564,86.4,12,2231,89.3,89.27,145,1071,1582,0,6.31,105,150,106,145,298,317,281
2021543685,2021,543685,"Rendon, Anthony",948,100,0.24,0.143,0.267,0.382,0.31,0.303,0.312,0.233,52,217,89.1,22.4,2230,89.5,89.56,76,441,507,0.1,6.38,108,152,122,147,306,325,297
2021595777,2021,595777,"Profar, Jurickson",1734,100,0.227,0.093,0.266,0.32,0.293,0.302,0.296,0.238,80,353,84.9,14,2256,88.9,88.83,136,758,976,-0.1,6.28,114,153,115,149,293,321,297
2021542932,2021,542932,"Berti, Jon",1138,100,0.21,0.103,0.265,0.313,0.282,0.302,0.329,0.233,49,233,86.8,1.7,2273,89.4,89.53,105,481,657,0.1,6.39,105,151,110,147,304,316,284
2021571657,2021,571657,"Farmer, Kyle",1955,100,0.263,0.153,0.296,0.416,0.316,0.302,0.336,0.252,127,483,87.1,15.6,2255,88.4,88.49,195,976,979,0.1,6.3,105,150,118,145,299,321,290
2021546318,2021,546318,"Herrera, Odúbel",1938,100,0.26,0.156,0.285,0.416,0.312,0.302,0.327,0.252,117,450,87.7,6.4,2212,89.1,88.98,194,975,963,-0.1,6.29,115,152,111,149,288,319,297
2021641645,2021,641645,"Guillorme, Luis",661,100,0.265,0.045,0.315,0.311,0.311,0.302,0.29,0.238,35,132,85.7,3.9,2263,89.3,89.39,39,265,396,0.1,6.39,116,149,115,146,284,315,301
2021642708,2021,642708,"Rosario, Amed",2156,100,0.282,0.127,0.34,0.409,0.315,0.301,0.354,0.268,155,550,88.8,5.6,2230,88.3,88.42,262,1055,1101,0.1,6.27,105,151,113,147,299,318,286
2021650559,2021,650559,"De La Cruz, Bryan",871,100,0.296,0.131,0.38,0.427,0.339,0.301,0.362,0.254,59,199,88.4,11.1,2262,88.2,88.1,110,436,435,-0.1,6.3,107,152,117,146,304,323,290
2021593160,2021,593160,"Merrifield, Whit",2608,100,0.277,0.117,0.309,0.395,0.306,0.301,0.325,0.263,184,664,86.4,14,2256,89.1,88.97,236,1304,1304,-0.1,6.25,105,151,107,147,303,321,291
2021543592,2021,543592,"Nola, Austin",694,100,0.272,0.104,0.292,0.376,0.316,0.301,0.289,0.255,47,173,89.7,14.8,2227,89.3,89.26,38,312,382,0,6.3,109,153,120,148,302,322,290
2021543768,2021,543768,"Shaw, Travis",1048,100,0.2,0.173,0.243,0.373,0.289,0.301,0.365,0.215,44,220,86.8,18.8,2290,89.6,87.99,125,486,562,-1.6,6.25,116,162,122,151,295,324,303
2021624414,2021,624414,"Arroyo, Christian",696,100,0.262,0.183,0.325,0.445,0.332,0.301,0.361,0.232,43,164,85.8,9,2235,88.2,87.96,103,388,308,-0.2,6.24,108,152,119,148,295,321,293
2021572191,2021,572191,"Taylor, Michael A.",2113,100,0.244,0.112,0.319,0.356,0.286,0.3,0.382,0.246,118,483,88.5,12,2258,89,88.98,339,1097,1016,0,6.22,105,151,109,147,305,325,295
2021572816,2021,572816,"Dickerson, Corey",1483,100,0.271,0.137,0.323,0.408,0.317,0.3,0.336,0.25,91,336,87.8,10.1,2209,90.2,90.1,196,805,678,-0.1,6.36,115,152,117,151,292,323,301
2021475582,2021,475582,"Zimmerman, Ryan",1117,100,0.243,0.227,0.289,0.471,0.319,0.3,0.393,0.232,62,255,91.3,7.4,2273,88.9,89.02,148,511,606,0.1,6.31,105,152,119,148,307,324,296
2021641531,2021,641531,"Dozier, Hunter",2076,100,0.216,0.179,0.276,0.394,0.293,0.299,0.377,0.224,105,487,89.9,15.8,2252,88,88,328,1013,1062,0,6.22,107,152,121,147,305,326,298
2021669256,2021,669256,"Solak, Nick",2054,100,0.242,0.12,0.292,0.362,0.299,0.299,0.335,0.238,111,458,86.4,6.2,2246,88.4,88.24,234,944,1110,-0.2,6.25,107,152,116,147,305,324,291
2021668942,2021,668942,"Rojas, Josh",2316,100,0.264,0.147,0.345,0.411,0.327,0.299,0.353,0.237,128,484,87.9,8.1,2237,89.2,89.11,230,978,1338,-0.1,6.31,118,153,114,151,294,322,304
2021547379,2021,547379,"Pérez, Roberto",695,100,0.149,0.17,0.179,0.319,0.251,0.299,0.413,0.202,21,141,87.9,6.2,2253,88.4,88.47,101,289,406,0.1,6.33,109,153,117,147,301,320,289
2021605119,2021,605119,"Anderson, Brian",1028,100,0.249,0.129,0.317,0.378,0.314,0.299,0.346,0.215,58,233,88.8,11.3,2248,88.7,88.63,145,516,512,-0.1,6.31,109,153,120,148,307,324,291
2021663647,2021,663647,"Hayes, Ke'Bryan",1532,100,0.257,0.116,0.321,0.373,0.301,0.299,0.348,0.249,93,362,90.2,2.6,2209,88.6,88.7,136,666,866,0.1,6.27,108,151,117,147,306,319,288
2021666969,2021,666969,"García, Adolis",2508,100,0.243,0.212,0.306,0.454,0.314,0.299,0.41,0.22,141,581,90.8,14.6,2198,88.8,88.73,464,1358,1150,-0.1,6.26,107,152,120,146,306,329,296
2021664057,2021,664057,"Stevenson, Andrew",775,100,0.229,0.109,0.307,0.339,0.276,0.299,0.388,0.241,44,192,87.3,5.9,2275,89.2,89.13,107,381,394,-0.1,6.27,113,150,103,151,290,317,299
2021578428,2021,578428,"Iglesias, José",1858,100,0.271,0.12,0.305,0.391,0.304,0.299,0.327,0.271,131,483,85.4,11.3,2223,88.7,88.65,193,1021,837,0,6.3,107,151,113,147,301,318,287
2021680777,2021,680777,"Jeffers, Ryan",1198,100,0.199,0.202,0.269,0.401,0.289,0.299,0.438,0.207,53,267,89.2,14,2257,89.4,89.12,190,555,643,-0.3,6.31,108,153,122,147,301,323,291
2021666198,2021,666198,"Kieboom, Carter",884,100,0.207,0.111,0.258,0.318,0.275,0.298,0.345,0.231,45,217,85.3,7.5,2251,88.7,88.78,128,434,450,0.1,6.29,105,152,118,147,304,320,289
2021641487,2021,641487,"Crawford, J.P.",2791,100,0.273,0.103,0.32,0.376,0.314,0.298,0.316,0.257,169,619,85.6,9.5,2201,89.1,89.01,191,1235,1555,-0.1,6.24,116,151,109,151,286,317,297
2021545341,2021,545341,"Grichuk, Randal",2004,100,0.241,0.182,0.266,0.423,0.3,0.297,0.352,0.234,123,511,89.8,16.2,2252,88.4,88.41,243,1048,956,0,6.3,107,152,119,146,300,325,292
2021519048,2021,519048,"Moreland, Mitch",986,100,0.227,0.188,0.256,0.415,0.3,0.297,0.35,0.226,52,229,91,12.9,2248,88.8,88.94,143,470,516,0.1,6.37,115,166,128,151,295,323,304
2021641343,2021,641343,"Bauers, Jake",1222,100,0.209,0.067,0.275,0.277,0.257,0.297,0.35,0.233,59,282,87.5,19.5,2217,89.2,89.25,156,580,642,0,6.28,114,158,118,150,289,318,296
2021622682,2021,622682,"Reyes, Victor",869,100,0.258,0.158,0.327,0.416,0.298,0.297,0.382,0.257,54,209,87.7,6,2241,89.5,89.44,121,479,390,-0.1,6.3,112,151,108,150,293,321,295
2021660634,2021,660634,"Hernandez, Yonny",681,100,0.217,0.035,0.277,0.252,0.265,0.297,0.307,0.251,31,143,81,4.7,2178,89.1,89.11,39,259,422,0,6.28,113,150,105,150,288,317,295
2021621311,2021,621311,"Dahl, David",814,100,0.21,0.112,0.269,0.322,0.246,0.296,0.384,0.246,43,205,87.7,11,2201,88.3,88.06,115,431,383,-0.2,6.22,114,158,118,151,296,326,302
2021458731,2021,458731,"Gardner, Brett",2096,100,0.222,0.14,0.269,0.362,0.305,0.296,0.312,0.219,86,387,85.7,11.3,2221,89.8,89.74,144,786,1310,-0.1,6.36,111,150,107,150,286,321,298
2021664056,2021,664056,"Bader, Harrison",1586,100,0.267,0.193,0.306,0.46,0.331,0.295,0.346,0.232,98,367,86.2,13.3,2276,88.9,88.96,186,753,833,0.1,6.29,106,151,109,145,306,324,296
2021571976,2021,571976,"Myers, Wil",2010,100,0.256,0.179,0.333,0.434,0.33,0.295,0.364,0.218,113,442,86.8,10.2,2289,88.6,88.52,294,930,1080,-0.1,6.29,109,152,116,147,301,326,297
2021518792,2021,518792,"Heyward, Jason",1314,100,0.214,0.133,0.247,0.347,0.275,0.294,0.327,0.234,69,323,88.2,7.6,2271,88.9,88.97,141,593,721,0.1,6.39,116,158,124,150,292,324,301
2021656811,2021,656811,"O'Hearn, Ryan",978,100,0.225,0.144,0.277,0.369,0.274,0.294,0.382,0.235,53,236,90.8,14.3,2195,88.9,88.98,146,500,478,0.1,6.27,114,162,125,151,296,327,306
2021593643,2021,593643,"Alberto, Hanser",834,100,0.27,0.133,0.293,0.402,0.296,0.294,0.314,0.265,65,241,83.9,13.2,2234,88.2,88.16,82,537,297,0,6.23,105,151,109,146,299,321,292
2021670351,2021,670351,"Rojas, Jose",732,100,0.208,0.19,0.259,0.399,0.292,0.293,0.363,0.215,35,168,89.8,18.5,2262,88.4,88.28,90,337,395,-0.1,6.27,117,159,118,152,293,322,301
2021650859,2021,650859,"Rengifo, Luis",741,100,0.201,0.109,0.22,0.31,0.244,0.293,0.342,0.237,35,174,84.5,11.1,2161,87.9,87.89,100,372,369,0,6.31,111,150,108,148,294,319,295
2021444482,2021,444482,"Peralta, David",2062,100,0.259,0.144,0.303,0.402,0.314,0.293,0.315,0.243,126,487,89.3,5.3,2227,89.1,88.93,204,959,1103,-0.2,6.3,115,155,122,150,295,324,306
2021608596,2021,608596,"Murphy, Tom",1323,100,0.202,0.148,0.265,0.35,0.291,0.292,0.358,0.193,56,277,88.6,15.9,2205,88,87.81,196,589,734,-0.2,6.25,108,152,121,145,298,322,289
2021595751,2021,595751,"Alfaro, Jorge",1105,100,0.244,0.098,0.354,0.342,0.274,0.292,0.407,0.247,72,295,90.9,1.8,2272,88.4,88.25,217,653,451,-0.1,6.32,108,151,119,147,307,323,291
2021643396,2021,643396,"Kiner-Falefa, Isiah",2396,100,0.271,0.087,0.304,0.357,0.293,0.292,0.312,0.267,172,635,85.4,5.2,2227,88.5,88.45,162,1115,1281,0,6.26,110,152,116,149,304,321,286
2021500743,2021,500743,"Rojas, Miguel",2001,100,0.265,0.127,0.295,0.392,0.311,0.292,0.303,0.249,131,495,86,11.3,2262,88.8,88.62,176,914,1087,-0.2,6.32,108,152,113,148,304,318,284
2021641856,2021,641856,"McKinney, Billy",1280,100,0.192,0.166,0.235,0.358,0.277,0.291,0.347,0.213,51,265,88.1,17.6,2234,89.3,88.84,129,553,727,-0.5,6.28,115,156,127,149,293,322,301
2021641658,2021,641658,"Hampson, Garrett",1906,100,0.234,0.146,0.291,0.38,0.288,0.291,0.353,0.236,106,453,83.7,12.3,2269,89.2,89.43,205,877,1028,0.2,6.25,102,150,102,147,307,327,292
2021544725,2021,544725,"García, Leury",1672,100,0.267,0.108,0.333,0.376,0.312,0.291,0.322,0.24,111,415,84,3.4,2189,88.9,89,214,880,792,0.1,6.3,107,148,103,147,287,319,295
2021594777,2021,594777,"Calhoun, Kole",734,100,0.235,0.139,0.281,0.373,0.292,0.291,0.338,0.221,39,166,88.5,17.3,2183,88.8,88.66,121,379,355,-0.1,6.29,115,162,130,149,296,325,301
2021650489,2021,650489,"Castro, Willi",1632,100,0.22,0.131,0.275,0.351,0.271,0.291,0.355,0.244,91,413,84.6,10.8,2192,88.9,88.85,270,923,709,-0.1,6.26,111,150,110,150,292,322,295
2021628338,2021,628338,"Heredia, Guillermo",1344,100,0.22,0.134,0.282,0.354,0.292,0.29,0.325,0.22,67,305,86.3,12.6,2262,88.6,88.75,181,666,678,0.2,6.41,106,151,111,146,306,321,285
2021596059,2021,596059,"Odor, Rougned",1343,100,0.202,0.177,0.242,0.379,0.289,0.29,0.356,0.202,65,322,86.8,18.1,2214,89.2,89.21,198,685,658,0,6.35,113,162,114,150,296,327,297
2021605170,2021,605170,"Caratini, Victor",1312,100,0.227,0.096,0.281,0.323,0.273,0.29,0.338,0.228,71,313,90,8.4,2238,88.2,88.13,150,588,724,-0.1,6.26,115,156,121,150,290,320,300
2021663611,2021,663611,"Madrigal, Nick",809,100,0.305,0.12,0.324,0.425,0.335,0.289,0.285,0.263,61,200,84.9,1.1,2289,89.4,89.44,31,368,441,0,6.26,104,149,107,145,294,311,276
2021572039,2021,572039,"Piscotty, Stephen",676,100,0.22,0.133,0.275,0.353,0.279,0.289,0.35,0.221,38,173,86.1,17.5,2283,87.7,87.57,101,364,312,-0.1,6.25,107,154,121,147,304,324,292
2021621512,2021,621512,"Nido, Tomás",496,100,0.222,0.105,0.292,0.327,0.254,0.289,0.38,0.242,34,153,88.7,10,2263,88.8,88.86,123,326,170,0.1,6.35,106,152,120,147,303,321,291
2021656537,2021,656537,"Hill, Derek",529,100,0.259,0.129,0.351,0.388,0.305,0.289,0.368,0.245,36,139,82.6,5.2,2174,88.4,88.59,72,271,258,0.2,6.34,101,150,103,145,299,320,285
2021664238,2021,664238,"Moore, Dylan",1608,100,0.181,0.154,0.229,0.334,0.271,0.288,0.352,0.204,60,332,85.4,19.8,2234,88.2,88.04,172,664,944,-0.2,6.23,108,152,116,147,300,320,287
2021645302,2021,645302,"Robles, Victor",1404,100,0.203,0.092,0.271,0.295,0.274,0.288,0.311,0.216,64,315,80.5,16.7,2293,88.5,88.45,169,670,734,-0.1,6.28,101,151,105,146,300,318,292
2021594838,2021,594838,"Gosselin, Phil",1436,100,0.261,0.101,0.322,0.362,0.297,0.288,0.335,0.24,90,345,87,11.4,2220,88.8,88.71,137,656,780,-0.1,6.3,107,151,115,146,304,319,289
2021519390,2021,519390,"Vogt, Stephen",1015,100,0.195,0.138,0.23,0.333,0.27,0.288,0.329,0.213,41,210,87.9,18.6,2256,89.2,89.13,122,465,550,-0.1,6.3,116,162,130,150,295,323,304
2021622761,2021,622761,"Mateo, Jorge",822,100,0.247,0.129,0.324,0.376,0.291,0.287,0.361,0.243,48,194,84.7,13.9,2284,88.1,88.04,127,418,404,-0.1,6.36,104,151,107,146,299,321,288
2021602074,2021,602074,"Daza, Yonathan",1216,100,0.282,0.073,0.346,0.355,0.304,0.286,0.318,0.253,85,301,83.4,5.9,2238,88.6,88.73,121,612,604,0.1,6.22,107,151,112,147,307,328,293
2021621563,2021,621563,"Wendle, Joey",1857,100,0.265,0.157,0.327,0.422,0.317,0.286,0.338,0.238,122,460,87.5,6.1,2237,88.4,88.37,223,893,963,0,6.39,114,149,109,150,287,322,302
2021452678,2021,452678,"Cabrera, Asdrúbal",1366,100,0.23,0.136,0.283,0.366,0.297,0.286,0.318,0.214,71,309,87.4,14.1,2240,89.4,89.41,167,660,706,0,6.34,113,159,126,148,300,323,300
2021621446,2021,621446,"Brinson, Lewis",1099,100,0.226,0.15,0.273,0.376,0.275,0.286,0.36,0.242,62,274,88.1,13.6,2224,87.7,87.53,191,611,488,-0.2,6.3,107,152,117,146,305,323,294
2021624431,2021,624431,"Trevino, Jose",1053,100,0.239,0.102,0.279,0.34,0.261,0.285,0.336,0.248,68,285,87.1,8.9,2238,88.1,87.98,114,508,545,-0.1,6.25,108,152,120,148,303,322,288
2021502210,2021,502210,"Reddick, Josh",589,100,0.258,0.113,0.311,0.371,0.283,0.285,0.338,0.262,39,151,85.1,16.8,2228,89.2,87.63,66,315,274,-1.6,6.28,117,161,121,151,296,323,303
2021641680,2021,641680,"Heim, Jonah",1139,100,0.196,0.162,0.21,0.358,0.256,0.285,0.333,0.23,52,265,86.8,15.3,2179,89.3,89.26,123,570,569,0,6.31,115,159,123,152,298,325,299
2021624415,2021,624415,"Biggio, Cavan",1125,100,0.224,0.132,0.29,0.356,0.298,0.285,0.328,0.207,56,250,88.4,15,2245,89.3,89.19,120,467,658,-0.1,6.25,115,165,115,151,288,322,299
2021642336,2021,642336,"Mejía, Francisco",1013,100,0.26,0.156,0.299,0.416,0.32,0.285,0.305,0.23,65,250,85,14.5,2207,87.9,87.9,115,561,452,0,6.4,113,157,119,150,295,324,294
2021621433,2021,621433,"Phillips, Brett",1234,100,0.206,0.221,0.302,0.427,0.313,0.284,0.408,0.179,52,253,88,17.9,2200,89.5,89.58,187,526,708,0.1,6.46,113,149,111,149,288,323,300
2021670764,2021,670764,"Walls, Taylor",745,100,0.211,0.086,0.304,0.296,0.279,0.284,0.328,0.209,32,152,87.3,11.7,2203,89.6,89.77,80,305,440,0.2,6.46,108,151,109,148,292,322,295
2021543510,2021,543510,"McCann, James",1623,100,0.232,0.117,0.304,0.349,0.281,0.284,0.357,0.224,87,375,87.1,9.1,2238,89.6,89.63,220,814,809,0,6.33,108,152,119,146,304,323,290
2021595281,2021,595281,"Kiermaier, Kevin",1494,100,0.259,0.129,0.345,0.388,0.31,0.283,0.335,0.232,90,348,86.4,1.1,2211,89,89.06,241,770,724,0.1,6.41,110,149,108,150,289,324,301
2021670032,2021,670032,"Lopez, Nicky",2126,100,0.3,0.078,0.347,0.378,0.329,0.283,0.281,0.239,149,497,84.3,0.7,2225,89.3,89.26,148,958,1168,0,6.25,108,146,99,148,283,313,301
2021640458,2021,640458,"Mercado, Oscar",903,100,0.224,0.145,0.253,0.369,0.294,0.282,0.296,0.22,48,214,85.6,15.5,2231,88.5,88.54,115,430,473,0,6.28,105,152,111,146,298,319,289
2021608671,2021,608671,"Jankowski, Travis",583,100,0.252,0.099,0.317,0.351,0.312,0.282,0.285,0.223,33,131,81.4,2,2214,89.1,89.06,43,239,344,0,6.29,111,148,103,149,280,314,294
2021644374,2021,644374,"Chang, Yu",965,100,0.228,0.198,0.281,0.426,0.294,0.282,0.366,0.233,54,237,87.1,19.1,2225,88.4,88.44,129,481,484,0,6.26,106,152,118,146,300,320,288
2021501571,2021,501571,"Lagares, Juan",1237,100,0.236,0.136,0.294,0.372,0.274,0.282,0.351,0.244,73,309,87.8,8.8,2207,88.6,88.64,151,622,615,0,6.33,106,150,113,146,306,320,289
2021660294,2021,660294,"Tsutsugo, Yoshi",1072,100,0.217,0.165,0.278,0.383,0.302,0.281,0.33,0.193,50,230,89.4,16.5,2245,89.4,89.41,133,487,585,0,6.3,117,161,125,151,293,321,300
2021607680,2021,607680,"Pillar, Kevin",1322,100,0.231,0.185,0.261,0.415,0.297,0.281,0.338,0.224,75,325,85.8,20.2,2234,88.2,88.29,170,695,627,0.1,6.34,105,151,115,145,301,321,292
2021641355,2021,641355,"Bellinger, Cody",1430,100,0.165,0.137,0.196,0.302,0.237,0.281,0.344,0.209,52,315,89.1,21.8,2211,89.6,89.45,218,735,695,-0.1,6.26,115,156,132,150,299,325,303
2021503556,2021,503556,"Gonzalez, Marwin",1203,100,0.199,0.105,0.258,0.304,0.259,0.281,0.331,0.218,55,276,86.8,7.9,2178,88,87.94,135,565,638,-0.1,6.27,112,153,116,149,288,321,301
2021669374,2021,669374,"Hiura, Keston",797,100,0.168,0.133,0.269,0.301,0.25,0.281,0.413,0.181,29,173,89.6,15,2252,88.8,88.36,195,415,382,-0.4,6.23,108,152,118,146,303,323,295
2021606132,2021,606132,"Tapia, Raimel",1973,100,0.273,0.099,0.306,0.372,0.305,0.281,0.29,0.25,133,487,85.5,-4.7,2253,89.5,89.64,149,1011,962,0.1,6.22,116,150,105,150,292,327,308
2021663630,2021,663630,"McKenna, Ryan",836,100,0.183,0.083,0.312,0.266,0.259,0.281,0.386,0.2,31,169,85.3,10.7,2236,89.1,89.19,127,369,467,0.1,6.41,107,152,113,148,300,321,287
2021624512,2021,624512,"McGuire, Reese",797,100,0.253,0.091,0.318,0.343,0.289,0.281,0.315,0.237,50,198,86.3,11.7,2223,89.5,89.56,86,401,396,0.1,6.3,113,159,112,152,287,320,299
2021664058,2021,664058,"Fletcher, David",2218,100,0.262,0.062,0.287,0.324,0.273,0.281,0.289,0.273,164,626,81.5,7.7,2243,89.2,89.16,98,1031,1187,0,6.32,108,151,107,147,297,310,276
2021553902,2021,553902,"Astudillo, Willians",614,100,0.236,0.139,0.221,0.375,0.272,0.28,0.282,0.251,49,208,85.9,16.8,2264,88.3,87.33,38,382,232,-1,6.21,108,152,120,147,297,320,289
2021641829,2021,641829,"Martin, Jason",608,100,0.208,0.146,0.245,0.354,0.26,0.28,0.359,0.226,30,144,85.5,11.6,2132,88.7,88.66,88,302,306,0,6.33,111,149,109,151,289,323,302
2021520471,2021,520471,"Galvis, Freddy",1545,100,0.242,0.166,0.269,0.407,0.305,0.28,0.311,0.222,86,356,85.9,13.3,2203,89.1,88.93,155,752,792,-0.2,6.32,111,151,110,150,292,320,294
2021673451,2021,673451,"Akiyama, Shogo",757,100,0.204,0.049,0.268,0.253,0.243,0.28,0.313,0.236,33,162,86.1,1.6,2225,89.3,89.53,76,335,422,0.2,6.3,111,147,109,148,286,316,299
2021592200,2021,592200,"Casali, Curt",905,100,0.21,0.14,0.287,0.35,0.289,0.28,0.336,0.199,42,200,85.5,23.3,2286,88.7,88.82,123,417,488,0.1,6.3,107,152,120,145,301,322,294
2021671277,2021,671277,"García, Luis",846,100,0.242,0.169,0.273,0.411,0.291,0.279,0.32,0.241,57,236,86.8,4,2252,88.6,88.64,108,445,401,0,6.29,111,149,110,149,291,318,300
2021571788,2021,571788,"Holt, Brock",1024,100,0.209,0.089,0.254,0.298,0.259,0.277,0.297,0.229,49,235,86.1,9.8,2197,89.1,89.01,85,436,588,-0.1,6.22,116,155,113,151,288,321,302
2021570481,2021,570481,"González, Erik",807,100,0.232,0.068,0.274,0.3,0.244,0.277,0.32,0.255,51,220,87,0.1,2308,87.5,87.54,118,461,346,0,6.25,109,152,115,147,303,317,286
2021519058,2021,519058,"Moustakas, Mike",792,100,0.208,0.164,0.239,0.372,0.284,0.276,0.307,0.202,38,183,86.9,18.5,2237,88.9,88.77,112,403,389,-0.1,6.27,116,163,125,150,295,325,299
2021643565,2021,643565,"Tauchman, Mike",870,100,0.181,0.102,0.25,0.283,0.26,0.276,0.331,0.196,30,166,87,10,2320,89.9,89.94,134,390,480,0,6.28,118,153,115,151,290,320,305
2021594694,2021,594694,"Difo, Wilmer",922,100,0.269,0.114,0.34,0.384,0.312,0.276,0.316,0.229,59,219,82.4,11.8,2234,88.4,88.23,138,493,429,-0.2,6.23,111,149,107,148,289,312,289
2021670712,2021,670712,"Brosseau, Mike",734,100,0.187,0.16,0.245,0.347,0.268,0.276,0.352,0.204,28,150,90.1,18.1,2211,88.3,88.38,100,344,389,0.1,6.44,106,152,119,147,304,325,291
2021543877,2021,543877,"Vázquez, Christian",1947,100,0.258,0.094,0.301,0.352,0.289,0.276,0.298,0.235,118,458,86,13.5,2243,89.1,89.15,161,916,1031,0.1,6.34,108,152,120,148,294,320,292
2021621028,2021,621028,"Newman, Kevin",1926,100,0.226,0.083,0.236,0.309,0.249,0.275,0.277,0.255,117,517,83.9,9.1,2257,88.8,88.77,102,865,1060,0,6.26,106,150,109,146,301,312,280
2021544369,2021,544369,"Gregorius, Didi",1580,100,0.209,0.16,0.217,0.37,0.275,0.275,0.291,0.225,77,368,85.8,18.3,2217,89.6,89.56,211,859,721,0,6.29,116,156,122,150,292,323,295
2021642727,2021,642727,"Alcántara, Sergio",1069,100,0.205,0.123,0.28,0.327,0.279,0.275,0.327,0.208,45,220,86.8,9.8,2214,89.2,89.36,136,454,615,0.2,6.34,111,149,109,149,288,317,295
2021594809,2021,594809,"Eaton, Adam",1156,100,0.201,0.126,0.253,0.327,0.271,0.275,0.315,0.216,51,254,84.4,6.8,2215,89.2,89.23,129,548,608,0,6.31,110,147,100,147,286,319,299
2021605131,2021,605131,"Barnes, Austin",890,100,0.215,0.13,0.268,0.345,0.285,0.274,0.313,0.213,43,200,84.6,13.1,2263,88.9,88.46,105,393,497,-0.4,6.22,106,151,117,146,300,319,290
2021642165,2021,642165,"VanMeter, Josh",1326,100,0.212,0.142,0.278,0.354,0.287,0.274,0.318,0.203,58,274,89.1,19.4,2223,88.7,88.71,141,526,800,0,6.31,116,155,122,149,295,324,305
2021668800,2021,668800,"Knizner, Andrew",677,100,0.174,0.062,0.223,0.236,0.238,0.274,0.286,0.203,28,161,87.5,7.8,2280,88.9,89.03,76,317,360,0.1,6.3,108,151,120,147,307,322,292
2021595909,2021,595909,"Cave, Jake",719,100,0.189,0.104,0.283,0.293,0.241,0.273,0.385,0.22,31,164,86,8.1,2215,89.4,89.37,106,327,392,0,6.29,115,154,116,151,288,321,301
2021605412,2021,605412,"Panik, Joe",1013,100,0.208,0.076,0.23,0.284,0.244,0.273,0.282,0.238,49,236,86.1,9.1,2232,89.6,89.49,64,444,568,-0.1,6.29,116,152,115,149,286,317,298
2021656847,2021,656847,"Peters, DJ",902,100,0.197,0.224,0.237,0.422,0.272,0.273,0.4,0.199,44,223,87.5,16.4,2220,88.9,88.94,188,512,389,0,6.29,109,152,121,146,302,325,292
2021643289,2021,643289,"Dubón, Mauricio",675,100,0.24,0.137,0.282,0.377,0.278,0.273,0.33,0.228,42,175,84.4,13.8,2324,88.1,88.19,79,351,324,0.1,6.32,105,152,109,146,301,320,289
2021656371,2021,656371,"Díaz, Isan",1070,100,0.193,0.088,0.255,0.282,0.252,0.272,0.317,0.203,46,238,88,9.7,2236,88.6,88.38,150,468,602,-0.2,6.24,114,155,121,148,291,320,302
2021656716,2021,656716,"McKinstry, Zach",709,100,0.215,0.19,0.262,0.405,0.282,0.272,0.358,0.212,34,158,87.6,13.5,2227,88.6,88.66,85,327,382,0.1,6.27,115,152,120,148,293,320,303
2021608577,2021,608577,"Mazara, Nomar",776,100,0.212,0.109,0.271,0.321,0.264,0.271,0.32,0.212,35,165,90.5,11.1,2220,88.3,88.27,99,361,413,0,6.23,115,159,125,151,294,326,301
2021596748,2021,596748,"Franco, Maikel",1466,100,0.21,0.146,0.225,0.355,0.263,0.27,0.296,0.224,79,377,88.2,9.1,2252,88,88.01,177,735,731,0,6.38,107,153,122,148,299,325,293
2021665926,2021,665926,"Giménez, Andrés",819,100,0.218,0.133,0.273,0.351,0.277,0.269,0.319,0.211,41,188,85.4,8,2216,88.9,88.97,142,475,344,0.1,6.27,110,151,108,149,285,319,297
2021518586,2021,518586,"Culberson, Charlie",996,100,0.243,0.138,0.307,0.381,0.292,0.269,0.321,0.229,60,247,84,9.5,2223,87.7,87.65,163,527,469,0,6.27,107,152,114,147,303,324,290
2021606299,2021,606299,"Peraza, José",509,100,0.204,0.176,0.209,0.38,0.28,0.268,0.284,0.212,29,142,84.6,20.9,2295,88.5,88.43,51,261,248,-0.1,6.32,106,151,113,147,302,315,286
2021455117,2021,455117,"Maldonado, Martín",1789,100,0.172,0.129,0.221,0.3,0.258,0.267,0.316,0.183,64,373,87.3,17.5,2239,88.8,88.84,221,766,1022,0,6.34,108,153,119,146,297,323,288
2021680911,2021,680911,"Miller, Owen",750,100,0.204,0.105,0.261,0.309,0.241,0.266,0.341,0.225,39,191,86.3,6,2249,89.1,89.21,96,367,383,0.1,6.3,106,150,116,146,298,316,283
2021642162,2021,642162,"Valaika, Pat",1101,100,0.201,0.089,0.26,0.29,0.238,0.265,0.332,0.213,52,259,86.3,19.7,2255,88.3,88.45,158,578,523,0.2,6.42,108,153,118,149,300,321,287
2021673490,2021,673490,"Kim, Ha-Seong",1183,100,0.202,0.15,0.241,0.352,0.27,0.265,0.305,0.209,54,267,85.8,13.2,2258,89.3,89.13,114,527,656,-0.2,6.25,106,152,117,146,298,321,291
2021571466,2021,571466,"Barnhart, Tucker",1524,100,0.247,0.121,0.324,0.368,0.3,0.265,0.308,0.204,86,348,86.7,15.2,2253,88.1,88.29,201,768,756,0.2,6.37,115,156,118,149,291,321,298
2021435559,2021,435559,"Suzuki, Kurt",912,100,0.224,0.119,0.25,0.342,0.282,0.264,0.272,0.204,49,219,84.7,14.1,2224,88.5,88.41,97,447,465,-0.1,6.29,107,152,118,146,300,320,292
2021642721,2021,642721,"Gutiérrez, Kelvin",1160,100,0.232,0.085,0.311,0.316,0.27,0.263,0.315,0.219,63,272,90,2.3,2252,88.8,88.99,162,522,638,0.2,6.41,108,152,120,148,303,326,291
2021592743,2021,592743,"Simmons, Andrelton",1645,100,0.223,0.051,0.256,0.274,0.252,0.261,0.264,0.23,92,412,82.9,4.1,2247,88.7,88.68,122,740,905,0,6.27,106,152,111,146,297,317,285
2021624513,2021,624513,"Nuñez, Dom",1129,100,0.189,0.211,0.258,0.399,0.294,0.261,0.34,0.17,43,228,85.6,22,2252,87.8,87.92,152,464,665,0.1,6.26,115,161,130,148,298,331,305
2021664901,2021,664901,"Mendick, Danny",762,100,0.22,0.067,0.281,0.287,0.268,0.26,0.278,0.204,36,164,82,13.5,2268,89.3,89.27,80,327,435,0,6.25,104,150,111,145,298,318,286
2021545350,2021,545350,"Marisnick, Jake",727,100,0.216,0.159,0.306,0.375,0.287,0.259,0.336,0.196,38,176,87.3,14.3,2253,88.4,88.47,127,380,347,0.1,6.32,106,151,113,146,298,320,290
2021641796,2021,641796,"Locastro, Tim",569,100,0.18,0.072,0.219,0.252,0.237,0.258,0.27,0.207,25,139,81.2,13.8,2275,89.2,89.34,59,264,305,0.1,6.41,104,151,106,146,303,319,288
2021591720,2021,591720,"Torreyes, Ronald",1170,100,0.242,0.104,0.258,0.346,0.274,0.256,0.266,0.233,77,318,80.9,10.9,2213,88.8,88.86,87,618,552,0.1,6.34,104,151,109,147,295,313,277
2021598265,2021,598265,"Bradley Jr., Jackie",1682,100,0.163,0.098,0.226,0.261,0.224,0.253,0.318,0.194,63,387,89.7,9.6,2275,88.4,87.66,276,804,878,-0.7,6.23,115,151,114,151,294,321,300
2021665750,2021,665750,"Taveras, Leody",709,100,0.161,0.109,0.225,0.27,0.209,0.252,0.346,0.211,28,174,84.7,5,2189,88.2,88.04,91,346,363,-0.2,6.23,110,149,106,149,296,320,295
2021608686,2021,608686,"Mayfield, Jack",1112,100,0.218,0.169,0.254,0.387,0.284,0.251,0.292,0.189,58,266,83.4,15.3,2231,89.3,89.28,144,588,524,0,6.29,107,152,114,146,301,318,289
2021605113,2021,605113,"Ahmed, Nick",1777,100,0.221,0.118,0.279,0.339,0.269,0.249,0.283,0.208,96,434,86.2,9.6,2258,89.2,88.99,237,888,889,-0.2,6.38,107,152,113,147,304,322,293
2021642201,2021,642201,"White, Eli",892,100,0.177,0.131,0.23,0.308,0.253,0.249,0.299,0.176,35,198,83.9,16.2,2196,89.1,89.05,131,434,458,-0.1,6.3,107,151,115,146,303,321,289
2021605421,2021,605421,"Perez, Michael",941,100,0.143,0.148,0.17,0.29,0.225,0.244,0.297,0.171,30,210,85,10.1,2226,88,87.9,118,433,508,-0.1,6.21,116,161,118,149,292,318,297
2021670097,2021,670097,"Short, Zack",801,100,0.141,0.141,0.165,0.282,0.23,0.242,0.29,0.153,22,156,87.5,24.3,2230,88.7,88.66,92,334,467,0,6.22,104,151,114,146,297,323,285
2021642423,2021,642423,"Sierra, Magneuris",858,100,0.23,0.038,0.302,0.268,0.239,0.24,0.284,0.227,48,209,81.2,7,2299,89.2,89.18,95,432,426,0,6.33,108,146,100,149,281,312,299
2021666211,2021,666211,"Trammell, Taylor",751,100,0.16,0.199,0.233,0.359,0.27,0.233,0.335,0.143,25,156,84.7,13.4,2220,88.1,88.05,155,361,390,0,6.25,114,153,112,152,288,320,298
2021595978,2021,595978,"Hedges, Austin",1185,100,0.178,0.129,0.214,0.308,0.227,0.231,0.297,0.194,51,286,82.9,17.1,2234,89.2,89.33,188,640,545,0.1,6.28,106,153,118,146,296,321,290
2021595284,2021,595284,"Knapp, Andrew",619,100,0.152,0.062,0.241,0.214,0.196,0.23,0.33,0.173,22,145,81.8,9.5,2221,89.3,89.2,131,348,271,-0.1,6.3,110,152,119,149,292,316,291
2021658069,2021,658069,"Fuentes, Joshua",1018,100,0.225,0.125,0.27,0.351,0.261,0.23,0.277,0.204,61,271,85.2,18.3,2291,89,89.06,164,604,414,0.1,6.21,107,152,119,146,308,329,296
2021519299,2021,519299,"Sogard, Eric",679,100,0.249,0.065,0.293,0.314,0.259,0.228,0.25,0.201,42,169,82.6,10.1,2297,90.3,90.14,35,290,389,-0.2,6.38,111,149,109,149,281,315,295
2021656577,2021,656577,"Jackson, Alex",613,100,0.137,0.099,0.273,0.237,0.227,0.222,0.344,0.131,18,131,89.6,20.7,2265,88.7,88.57,164,321,292,-0.1,6.26,107,153,119,146,305,324,291
2021506702,2021,506702,"León, Sandy",920,100,0.183,0.084,0.244,0.267,0.225,0.216,0.265,0.17,37,202,86.1,19.4,2232,88.6,88.48,112,416,503,-0.1,6.25,114,158,124,148,292,318,295